Title,Company,Href
JUNIOR DATA SCIENTIST/ANALYST - 1 YEAR UNIVERSITY...,Medialab,https://uk.indeed.com/rc/clk?jk=c08acb0458a90fe8&fccid=4f2893bccebbf347&vjs=3
Customer Analytics Data Scientist Senior Associate,PwC,https://uk.indeed.com/rc/clk?jk=a3ddc555c853cd57&fccid=5e964c4afc56b180&vjs=3
Data Scientist,Aviva,https://uk.indeed.com/rc/clk?jk=d8a3a18cf703ca51&fccid=354f4c12e3c6bd5a&vjs=3
"Senior Data Scientist, Personal Banking",Monzo,https://uk.indeed.com/rc/clk?jk=b4e724c9d45bb6d7&fccid=73da13d58dc1080c&vjs=3
Data Scientist - Manager,PwC,https://uk.indeed.com/rc/clk?jk=b2ae1be9eb74191f&fccid=5e964c4afc56b180&vjs=3
Data Scientist – NLP / Semantic Modelling / Lexical Analysis,Shift F5,https://uk.indeed.com/rc/clk?jk=82dba919689a81e9&fccid=51cdf18e3e4b5a5a&vjs=3
Data Scientist,Data Idols,https://uk.indeed.com/rc/clk?jk=00d4d3252a0d0df1&fccid=19d1d48be8ab494a&vjs=3
Data Scientist,Intel,https://uk.indeed.com/rc/clk?jk=bbf82a8e74c02334&fccid=936367796261bd6e&vjs=3
Senior Data Scientist,oxfordbiom,https://uk.indeed.com/company/oxfordbiom/jobs/Senior-Data-Scientist-911ca7f565233959?fccid=0dc169ce815961ae&vjs=3
"Customer Analytics Data Scientist, Manager",PwC,https://uk.indeed.com/rc/clk?jk=c0fdec34a227cef5&fccid=5e964c4afc56b180&vjs=3
Research Data Scientist,Barts Health NHS Trust,https://uk.indeed.com/rc/clk?jk=ac50bf6a2e44a8b1&fccid=7691ebb71b24124c&vjs=3
"Consultant, Data Scientist, HealthTech Products Hub, SAMA, C...",Deloitte,https://uk.indeed.com/rc/clk?jk=8ce74f9367afda81&fccid=9e215d88a6b33622&vjs=3
Graduate Data Scientist,THG,https://uk.indeed.com/rc/clk?jk=5ab88ea54a966581&fccid=64c76e512365bea7&vjs=3
Genomic Data Scientist - Diverse Data/Population Genomics,Genomics England,https://uk.indeed.com/rc/clk?jk=9418a246cfced443&fccid=2c9f16151cc689de&vjs=3
Junior Data Scientist,ASDA,https://uk.indeed.com/rc/clk?jk=74cda91d0406861e&fccid=a23ad4a5b3d8fc8f&vjs=3
Junior Data Scientist,ASDA,https://uk.indeed.com/rc/clk?jk=74cda91d0406861e&fccid=a23ad4a5b3d8fc8f&vjs=3
Intern/ Oil Data scientist,Statkraft,https://uk.indeed.com/rc/clk?jk=b5ad1d1fae29751e&fccid=40a74c5136c4b33d&vjs=3
Data & Analytics - Internship,NatWest Group,https://uk.indeed.com/rc/clk?jk=2f632b10cfb5bf93&fccid=4a3a2b1eb3ec0691&vjs=3
Data Science Engineer/Scientist/Analyst,Banana-Apps,https://uk.indeed.com/rc/clk?jk=8561f8aaa5661887&fccid=42dddcd4acf47909&vjs=3
DATA SCIENTIST,Intec Select,https://uk.indeed.com/rc/clk?jk=68003434b13f48ab&fccid=1845b845b5c5b66e&vjs=3
Data Scientist,Octopus Energy,https://uk.indeed.com/rc/clk?jk=1be85a8b3f3d466d&fccid=94f2a41501d80d3d&vjs=3
Junior Data Scientist,Department for Education,https://uk.indeed.com/rc/clk?jk=d1fd3908080f5e32&fccid=cbda7e147ac9461f&vjs=3
"Data Scientist, Financial Crime",Monzo,https://uk.indeed.com/rc/clk?jk=c91be41078a88731&fccid=73da13d58dc1080c&vjs=3
Data Scientist,Kwalee,https://uk.indeed.com/rc/clk?jk=c0d5f5d4aa7c7512&fccid=069a96b26806555a&vjs=3
Data Science Degree Apprenticeship Level 6,Government Statistical Service,https://uk.indeed.com/rc/clk?jk=cb909affedc52384&fccid=dae1bd9f8c3a7983&vjs=3
Data Scientist,BCA,https://uk.indeed.com/rc/clk?jk=cabc746eebfbff04&fccid=d7b9719624a3ced4&vjs=3
Contract Data Scientist - NLP,Talenting,https://uk.indeed.com/rc/clk?jk=81fa085584b780c0&fccid=3b93fef79b0b7b69&vjs=3
Associate Data Scientists,Instem,https://uk.indeed.com/rc/clk?jk=5a3909a59f4ffe10&fccid=c6c157835add6826&vjs=3
Junior Data Scientist,MarketCast,https://uk.indeed.com/rc/clk?jk=6e7e69fb0e0584ce&fccid=ea7bc0cfa9688f3d&vjs=3
Data Scientist,Everflow Water,https://uk.indeed.com/company/Everflow-Water/jobs/Data-Scientist-200b2c431af1e98f?fccid=a66f61de9346741c&vjs=3
Data Scientist,Barclays,https://uk.indeed.com/rc/clk?jk=f8122a469926c3eb&fccid=057abf3fd357e717&vjs=3
"Data Scientist, INRIX, Manchester (Office & Home Working)",INRIX,https://uk.indeed.com/company/Inrix/jobs/Data-Scientist-a428ada1bdddc756?fccid=98fc8bcbe195e2c4&vjs=3
"Data Scientist, Climate",NatWest Group,https://uk.indeed.com/rc/clk?jk=ea5d78b68c959100&fccid=4a3a2b1eb3ec0691&vjs=3
Data Scientist,Axa,https://uk.indeed.com/rc/clk?jk=ba12721abd204bdb&fccid=0af2461c02cb44e2&vjs=3
Data Scientist - Returnship Program,Amazon UK Services Ltd.,https://uk.indeed.com/rc/clk?jk=4b91fb225034dbcd&fccid=fe2d21eef233e94a&vjs=3
Data Scientist,Samsung Electronics,https://uk.indeed.com/rc/clk?jk=bf1b30ad6c85da78&fccid=da3c7fed78dd1607&vjs=3
Genome Analyst / Data Scientist,Genomics England,https://uk.indeed.com/rc/clk?jk=de911f62e7fb6d91&fccid=2c9f16151cc689de&vjs=3
Data Scientist | Remote,Reqiva Ltd,https://uk.indeed.com/rc/clk?jk=20e43de43a39e72b&fccid=946fa3ef2e6daa21&vjs=3
Data Scientist IBM CIC,IBM,https://uk.indeed.com/rc/clk?jk=a16aa3bb0f19922a&fccid=de71a49b535e21cb&vjs=3
Associate Data Scientist,Royal London Group,https://uk.indeed.com/rc/clk?jk=8d2b3dfa18198004&fccid=82b36fbced210c28&vjs=3
Data Scientist,MARS,https://uk.indeed.com/rc/clk?jk=9d358c1b0acc9073&fccid=6f49e88f14c18b75&vjs=3
Senior AI Data Scientist - Fully remote,Exo-metrics,https://uk.indeed.com/company/Exo--metrics/jobs/Senior-Ai-Data-Scientist-f04abb09a28eafc7?fccid=0ad1332721619315&vjs=3
Bioscience Data Scientist,Syngenta,https://uk.indeed.com/rc/clk?jk=b2e9096266ae3c5c&fccid=212d266bb52619f8&vjs=3
Data Scientist,Invesco,https://uk.indeed.com/rc/clk?jk=f95129568cd5a19d&fccid=61e847dda35dc377&vjs=3
Data Scientist,Agility on Demand,https://uk.indeed.com/company/Agility-on-Demand/jobs/Data-Scientist-a3ceba2c4b3b69ec?fccid=5255fcbfe159a20b&vjs=3
Data Scientist,Adarga,https://uk.indeed.com/rc/clk?jk=3c8b67505a8f5650&fccid=6aa2ae7642499963&vjs=3
Data Scientist,TikTok,https://uk.indeed.com/rc/clk?jk=50c814964f5bc47d&fccid=caed318a9335aac0&vjs=3
Data Scientist,GSK,https://uk.indeed.com/rc/clk?jk=2115e7f4c0edb215&fccid=4e42ec53f4b93e02&vjs=3
Data science intern '22,Heineken,https://uk.indeed.com/rc/clk?jk=14f546962b8b0d0f&fccid=9d3fc2c7bbc80ecb&vjs=3
Data Scientist,Ralph Lauren,https://uk.indeed.com/rc/clk?jk=841461e2b3d8b311&fccid=535de7c767791408&vjs=3
Applied Data Scientist,Intent HQ,https://uk.indeed.com/rc/clk?jk=dad76505c9899a71&fccid=10cfd8368088acd6&vjs=3
Data Scientist,ClearScore,https://uk.indeed.com/company/ClearScore/jobs/Data-Scientist-e91f2df321c83e22?fccid=95e4badfbb6a7a37&vjs=3
Scuderia AlphaTauri - Data Scientist,Red Bull,https://uk.indeed.com/rc/clk?jk=bc4ba6a5bcbd4e1d&fccid=8ea54e852901f8b5&vjs=3
Data Scientist (Marketing Analytics),Aviva,https://uk.indeed.com/rc/clk?jk=030182d06a352dcd&fccid=354f4c12e3c6bd5a&vjs=3
Junior Data Scientist,Echobox,https://uk.indeed.com/rc/clk?jk=80ba1147518747d1&fccid=31841269d7b4c0db&vjs=3
Data Scientist,Uniting People,https://uk.indeed.com/company/Uniting-People/jobs/Data-Scientist-37a87c3b47ae9915?fccid=aef988f1dea8681c&vjs=3
"Data Scientist, Growth Analytics",Spotify,https://uk.indeed.com/rc/clk?jk=cbf6981527d0b650&fccid=fe404d18bb9eef1e&vjs=3
Data Scientist,N Consulting Ltd,https://uk.indeed.com/company/N-Consulting-Ltd/jobs/Data-Scientist-59ecb1c04e3a0021?fccid=25a76fa7209b76d6&vjs=3
Graduate Data Scientist - Analytics (Sep 2022),Funding Circle UK,https://uk.indeed.com/rc/clk?jk=3cdc735c12c5b93e&fccid=6430a9a136019841&vjs=3
Data Scientist,Marks & Spencer,https://uk.indeed.com/rc/clk?jk=07259c266cc0a2ca&fccid=9349cb4eea770eba&vjs=3
"Data Scientist, Causal Inference",Deliveroo,https://uk.indeed.com/rc/clk?jk=4f28b781d13b85e5&fccid=1d79a4290fb70d8e&vjs=3
NLP Data Scientist,Propel,https://uk.indeed.com/rc/clk?jk=dd25da005b45f21d&fccid=bfd62d072447f458&vjs=3
Media Data Scientist,Merkle,https://uk.indeed.com/rc/clk?jk=4903719848004167&fccid=9de52fa9ca5b17cd&vjs=3
Analytics & Data Science Opportunities,TransUnion,https://uk.indeed.com/rc/clk?jk=1a08d93a43ccc452&fccid=663ece44ae074b32&vjs=3
Data Scientist - suit recent PhD (London based with remote w...,Talenting,https://uk.indeed.com/rc/clk?jk=e7d30ae416f248ca&fccid=3b93fef79b0b7b69&vjs=3
Data Scientist,Cubica,https://uk.indeed.com/rc/clk?jk=291e9998ed58de18&fccid=71b1c28c2389ce7e&vjs=3
Data Scientist (Power BI Developer),Medicines and Healthcare Products Regulatory...,https://uk.indeed.com/rc/clk?jk=af154e342134c0dc&fccid=94b34ba2ba0627ec&vjs=3
Data Scientist (with Turing Talent Leadership Program),Turing Talent,https://uk.indeed.com/company/Turing-Talent/jobs/Data-Scientist-4b4a8c3558f228b4?fccid=62ea0490eeb7ef2f&vjs=3
Graduate Programmer **Data Science**,Amadeus Software,https://uk.indeed.com/company/Amadeus-Software/jobs/Graduate-Programmer-Data-Science-7b9019baac321e56?fccid=23236e9db1d77731&vjs=3
Graduate Data Scientist/ Engineer,South West Water,https://uk.indeed.com/rc/clk?jk=ae8b3eddbae269a8&fccid=ff7ec60c4c3ad3d3&vjs=3
"Data Scientist, Reliability Analytics",Google,https://uk.indeed.com/rc/clk?jk=2253bbc949991f63&fccid=a5b4499d9e91a5c6&vjs=3
Senior Data Scientist,Monzo,https://uk.indeed.com/rc/clk?jk=da50f0200ebf2a82&fccid=73da13d58dc1080c&vjs=3
Graduate Data Scientist,Admiral,https://uk.indeed.com/rc/clk?jk=295dd432199a8abf&fccid=c08e3f14d662230d&vjs=3
Data Scientist - Ecommerce,Ocado Group,https://uk.indeed.com/rc/clk?jk=d09a9a606b91f428&fccid=dde460449ad6f8d7&vjs=3
Data Scientist,Lytt,https://uk.indeed.com/rc/clk?jk=1173cc07a43de12b&fccid=ea71c21119e00d29&vjs=3
Graduate Data Scientist/ Engineer,South West Water,https://uk.indeed.com/rc/clk?jk=ae8b3eddbae269a8&fccid=ff7ec60c4c3ad3d3&vjs=3
"Data Scientist, Reliability Analytics",Google,https://uk.indeed.com/rc/clk?jk=2253bbc949991f63&fccid=a5b4499d9e91a5c6&vjs=3
Senior Data Scientist,Monzo,https://uk.indeed.com/rc/clk?jk=da50f0200ebf2a82&fccid=73da13d58dc1080c&vjs=3
Graduate Data Scientist,Admiral,https://uk.indeed.com/rc/clk?jk=295dd432199a8abf&fccid=c08e3f14d662230d&vjs=3
Data Scientist - Ecommerce,Ocado Group,https://uk.indeed.com/rc/clk?jk=d09a9a606b91f428&fccid=dde460449ad6f8d7&vjs=3
Data Scientist,Lytt,https://uk.indeed.com/rc/clk?jk=1173cc07a43de12b&fccid=ea71c21119e00d29&vjs=3
Research Assistant in Natural Language Processing for Conver...,University of Leeds,https://uk.indeed.com/rc/clk?jk=9955cd2ea63dd194&fccid=1b4313df5267ab89&vjs=3
Data Scientist,SmartEdge Solutions,https://uk.indeed.com/company/SmartEdge-Solutions/jobs/Data-Scientist-89f7277f97262781?fccid=81db7d6d01c4fd30&vjs=3
Sports Performance Data Scientist,777 Partners,https://uk.indeed.com/rc/clk?jk=7ba5d88e0c23343f&fccid=507c7a08b38f4720&vjs=3
Data Scientist,Wejo,https://uk.indeed.com/rc/clk?jk=d09e73bf1cefd3c5&fccid=8511f52a844af948&vjs=3
NLP Data Scientist,Citi,https://uk.indeed.com/rc/clk?jk=1ca8a7e8c73212bc&fccid=5bcd1ef0a7f4fb99&vjs=3
Junior Data Scientist / Analyst,EDF Trading,https://uk.indeed.com/rc/clk?jk=a34a0d8a39ed7629&fccid=58152dfd392ac25d&vjs=3
Data Science Internship,European Student Placement Agency (ESPA),https://uk.indeed.com/rc/clk?jk=b44f1cb5bb2fd5a6&fccid=4d45cd86e15de304&vjs=3
"Data Science, Apprentice (Level 4)",Meta,https://uk.indeed.com/rc/clk?jk=308b553952340ced&fccid=ba07516c418dda52&vjs=3
Senior Data Scientist,"JPMorgan Chase Bank, N.A.",https://uk.indeed.com/rc/clk?jk=dc42683cf333b656&fccid=aaf3b433897ea465&vjs=3
Junior Data Scientist,Dataworks,https://uk.indeed.com/company/Dataworks/jobs/Junior-Data-Scientist-c302f24198863948?fccid=309cb047342d324b&vjs=3
"Senior Data Scientist, Payments",Monzo,https://uk.indeed.com/rc/clk?jk=c48b21af3c226bcc&fccid=73da13d58dc1080c&vjs=3
Junior Data Scientist - Merchandising,JD,https://uk.indeed.com/rc/clk?jk=5a18549bede1ef2c&fccid=771066a9255d9186&vjs=3
Network Data Scientist,Sky,https://uk.indeed.com/rc/clk?jk=e04d71c1a5b9b157&fccid=288ce4c9ce99f179&vjs=3
Data Scientist,PGSM Consulting,https://uk.indeed.com/rc/clk?jk=0be48bb6a7ec051c&fccid=2f9ec83ca1f1ff89&vjs=3
Graduate Data Scientist,Newcastle Building Society,https://uk.indeed.com/rc/clk?jk=d608f3119037c922&fccid=9b6c6502643defb4&vjs=3
Data Scientist,Nesta,https://uk.indeed.com/rc/clk?jk=9e51dbc0888ee14c&fccid=24c687504f541113&vjs=3
Data Scientist,Acquired.com,https://uk.indeed.com/rc/clk?jk=6f3fa3e2e542a275&fccid=59fff85d20e805cb&vjs=3
Lead Data Scientist,"Office for Standards in Education, Children's...",https://uk.indeed.com/rc/clk?jk=0c46b2f498c2650d&fccid=acd83618f0c633f7&vjs=3
Data Scientist,TMF Group,https://uk.indeed.com/rc/clk?jk=f19a8b889f47baea&fccid=407208a60bfc4c49&vjs=3
Data Scientist,KPMG,https://uk.indeed.com/rc/clk?jk=a3156543aea30ca7&fccid=2dd390c3a48a7ed0&vjs=3
Data Scientist,Alder Hey Children's NHS Foundation Trust,https://uk.indeed.com/rc/clk?jk=00031de418bb21b6&fccid=7691ebb71b24124c&vjs=3
Applied Data Scientist,dunnhumby,https://uk.indeed.com/rc/clk?jk=e9bb5efca9a2c737&fccid=36801496409e6dc9&vjs=3
Data Scientist – training provided!,Salt Recruitment,https://uk.indeed.com/rc/clk?jk=49df78dbf1a65e10&fccid=d35f6b081e467c24&vjs=3
"Data Scientist, Economist",Deliveroo,https://uk.indeed.com/rc/clk?jk=fcf740145428744d&fccid=1d79a4290fb70d8e&vjs=3
Data Scientist,Somerset Bridge Group,https://uk.indeed.com/rc/clk?jk=c9039797643ba1a8&fccid=dcf770126ed58a1f&vjs=3
Data Scientist,YOOX NET-A-PORTER GROUP,https://uk.indeed.com/rc/clk?jk=7ee3a3b96d5f8e12&fccid=6e26b42cbf176bca&vjs=3
Data Scientist,Zilliant,https://uk.indeed.com/rc/clk?jk=fd59d828e60f4769&fccid=a4ef73f14c8cec6f&vjs=3
DATA scientist & AI Expert,Airbus,https://uk.indeed.com/rc/clk?jk=cad403d0fece7676&fccid=2d0740e02e80cf22&vjs=3
Internship opportunities: Health Intelligence - Machine Lear...,Microsoft,https://uk.indeed.com/rc/clk?jk=aad8ce79a16e8910&fccid=734cb5a01ee60f80&vjs=3
Data Scientist – Fully Remote,Shift F5,https://uk.indeed.com/rc/clk?jk=921deb009ca5786a&fccid=51cdf18e3e4b5a5a&vjs=3
Data Scientist,Alexander Mann Solutions for Public Sector...,https://uk.indeed.com/company/Crown-Commercial-Service/jobs/Data-Scientist-9224efd265e5d320?fccid=027f5dd490f6d334&vjs=3
Data Scientist (Healthcare/Medical Data),Hollister Incorporated,https://uk.indeed.com/rc/clk?jk=dbdac76cdffe36a3&fccid=d13811f0a872a4e6&vjs=3
"Data Scientist II, Incrementality Analytics",Expedia.com,https://uk.indeed.com/rc/clk?jk=45e03072675580b5&fccid=160efb82f2462f14&vjs=3
Data Scientist,MasterCard,https://uk.indeed.com/rc/clk?jk=6066ac17b20a5a97&fccid=10b5c722d846df43&vjs=3
Data Scientist,Datacove,https://uk.indeed.com/company/Datacove/jobs/Data-Scientist-f6decd8a1592c1ed?fccid=5e29f07f26d22cd7&vjs=3
"Data Scientist, Growth",Spotify,https://uk.indeed.com/rc/clk?jk=654f93416082e10f&fccid=fe404d18bb9eef1e&vjs=3
Staff Data Scientist,Intercom,https://uk.indeed.com/rc/clk?jk=54d61819797fe957&fccid=6f9ac7cf38e2c8c0&vjs=3
Data Scientist | S2 | CDO | London,Santander,https://uk.indeed.com/rc/clk?jk=a00ac96c79d3e360&fccid=e57a47a3d1d90e39&vjs=3
Data Scientist,Deep Planet,https://uk.indeed.com/rc/clk?jk=19a73e971e9021fe&fccid=cec9da8012e95836&vjs=3
Senior Data Scientist,ACCOR,https://uk.indeed.com/rc/clk?jk=827a5a806cfab778&fccid=e52a8045d312f049&vjs=3
Data Scientist,Circle,https://uk.indeed.com/rc/clk?jk=63541bd2e3fb5953&fccid=4ad12104a44e9eb6&vjs=3
"Research Scientist in Machine Learning, Personalization",Spotify,https://uk.indeed.com/rc/clk?jk=99ab79373ec23665&fccid=fe404d18bb9eef1e&vjs=3
Data Scientist,Halfords,https://uk.indeed.com/rc/clk?jk=7a45d72d4bfe629c&fccid=0b8ac05c7cda03b4&vjs=3
Data Scientist / Data Analytics Statistician,Lubrizol Corporation,https://uk.indeed.com/rc/clk?jk=3381b20f01282917&fccid=a6ecb44bea23e5cd&vjs=3
Data Scientist,Binance,https://uk.indeed.com/rc/clk?jk=ade7700e5a7449d2&fccid=ac2ee5578fa99fc9&vjs=3
Knowledge Data Scientist,Evotec,https://uk.indeed.com/rc/clk?jk=58db161a5a3ba0aa&fccid=0c9f6235d127268c&vjs=3
"Data Science Manager, Personal Banking",Monzo,https://uk.indeed.com/rc/clk?jk=4e995b00d3fec6b7&fccid=73da13d58dc1080c&vjs=3
Data Scientist / Data Analytics Statistician,Lubrizol,https://uk.indeed.com/rc/clk?jk=ccbf3a3adf68be80&fccid=a6ecb44bea23e5cd&vjs=3
Research Fellow Data Scientist,University of Liverpool,https://uk.indeed.com/rc/clk?jk=dc7986d1a346853c&fccid=7fc0e8ffb1cc9590&vjs=3
Data Scientist,Reqiva Ltd,https://uk.indeed.com/rc/clk?jk=7e42ad74ac8ec173&fccid=946fa3ef2e6daa21&vjs=3
"Senior Data Scientist, Monzo Flex",Monzo,https://uk.indeed.com/rc/clk?jk=026a946613be0a47&fccid=73da13d58dc1080c&vjs=3
Data Scientist,Altruistiq,https://uk.indeed.com/rc/clk?jk=680ea9d4fb13f998&fccid=813ac6dfbd58839e&vjs=3
Data Engineer / Data Scientist,Nigel Frank International Limited,https://uk.indeed.com/rc/clk?jk=3a2e1687b88b763b&fccid=d50c573274bf1c1f&vjs=3
Junior Data Scientist,kdr Recruitment,https://uk.indeed.com/rc/clk?jk=abb35c244d5c3379&fccid=66510c97e3970bde&vjs=3
Data Scientist (Machine Learning Engineer),Infogrid,https://uk.indeed.com/rc/clk?jk=6a5b5cd3baf09c65&fccid=eeac62f2de6cd3fd&vjs=3
Data Scientist,ComplyAdvantage,https://uk.indeed.com/company/ComplyAdvantage/jobs/Data-Scientist-91a6bdaad8010cbc?fccid=1911999b2be8d50f&vjs=3
Data scientist,Kpler,https://uk.indeed.com/company/Kpler/jobs/Data-Scientist-2601e1155ad0fc03?fccid=21b555acd4f41aaa&vjs=3
Lead Data Scientist,PwC,https://uk.indeed.com/rc/clk?jk=72a783191cbc4a97&fccid=5e964c4afc56b180&vjs=3
Junior Data Scientist - CRM Team,Novafutur,https://uk.indeed.com/rc/clk?jk=290b119ed8876491&fccid=d9cae5807f63d6ff&vjs=3
Data Scientist,Sopra Steria,https://uk.indeed.com/rc/clk?jk=c71b409614a7894e&fccid=3ba6d20cd884270b&vjs=3
Research Data Scientist,Adarga,https://uk.indeed.com/rc/clk?jk=98a0cc5199db01fb&fccid=6aa2ae7642499963&vjs=3
Data Scientist,Opensignal,https://uk.indeed.com/company/OpenSignal/jobs/Data-Scientist-d14543fda493e016?fccid=90832202feb40ad9&vjs=3
Data Scientist,Simply Business,https://uk.indeed.com/rc/clk?jk=5b14192bc44796fb&fccid=2b1bb83992c288cf&vjs=3
Data Scientist - London,Dataiku,https://uk.indeed.com/rc/clk?jk=b0e0123b63ab41ca&fccid=4640437a3109c91f&vjs=3
Graduate Data Scientist,Paylink Solutions,https://uk.indeed.com/rc/clk?jk=12df78063ecd7b01&fccid=a8e319f63f559f46&vjs=3
Principal Data Scientist,Toumetis,https://uk.indeed.com/rc/clk?jk=a189fdc7d5083ca1&fccid=1408f3873505835f&vjs=3
Data Scientist,Frontier Economics - EXP hire - Economics with...,https://uk.indeed.com/rc/clk?jk=6db7f1c89db00660&fccid=dd616958bd9ddc12&vjs=3
Machine Learning Scientist,Deep Planet,https://uk.indeed.com/rc/clk?jk=07e92d803e554ba1&fccid=cec9da8012e95836&vjs=3
Junior Data Scientist,Ashdown Group,https://uk.indeed.com/rc/clk?jk=67b06cc964b3985d&fccid=883eca69780bf159&vjs=3
Data Scientist,Foxtons,https://uk.indeed.com/rc/clk?jk=a96992601c109ea1&fccid=5f7a99031d8bfb07&vjs=3
Data Scientist / Software Developer,Tessella,https://uk.indeed.com/rc/clk?jk=a934743071e8a121&fccid=212af5778aa7175d&vjs=3
Lead Data Scientist,Barclays,https://uk.indeed.com/rc/clk?jk=c488d77ef75f0ec4&fccid=057abf3fd357e717&vjs=3
Researcher in Health Data Science,University of Oxford,https://uk.indeed.com/rc/clk?jk=77362ff4fb4fd186&fccid=3e8af96829591e84&vjs=3
Data Scientist - Product - Tech Unicorn,Propel,https://uk.indeed.com/rc/clk?jk=6fb5542e850f5678&fccid=bfd62d072447f458&vjs=3
Full Stack Data Scientist,Sensor Tower,https://uk.indeed.com/rc/clk?jk=2b8f69589df0c1d8&fccid=c659788ec6cc356e&vjs=3
Data Scientist,Bromford,https://uk.indeed.com/rc/clk?jk=da033ebad2c769db&fccid=52ec01a7950dc9bb&vjs=3
Jr. Data Scientist,KPIT Technologies GmbH,https://uk.indeed.com/company/KPIT-Technologies/jobs/Junior-Data-Scientist-221ae1cdf71906cc?fccid=01bb9926411ba157&vjs=3
Data Scientist - Ads,King.com,https://uk.indeed.com/rc/clk?jk=286e3e4a59eb8caf&fccid=cadcae9e8089792b&vjs=3
Data Scientist - Autonomous Mobility (DS3),Ocado Group,https://uk.indeed.com/rc/clk?jk=09601da5713839c8&fccid=dde460449ad6f8d7&vjs=3
Senior Data Marketing Scientist,NatWest Group,https://uk.indeed.com/rc/clk?jk=e91de74dbd97596a&fccid=4a3a2b1eb3ec0691&vjs=3
Data Scientist – Optimisation,Trakm8,https://uk.indeed.com/rc/clk?jk=59a739679f183dbb&fccid=1c3e27076211d015&vjs=3
"Marketing Data Scientist, Global Client Agency Solutions, gT...",Google,https://uk.indeed.com/rc/clk?jk=1f43d5d69c62997c&fccid=a5b4499d9e91a5c6&vjs=3
Data Scientist,Pro1 Recruitment,https://uk.indeed.com/company/Pro1-Recruitment-Ltd/jobs/Data-Scientist-bbfb9b6517f66df6?fccid=a6fe4565edeadaf5&vjs=3
"Consultant, Data Science and Machine Learning, Defence and S...",Deloitte,https://uk.indeed.com/rc/clk?jk=960383f3bf3e484c&fccid=9e215d88a6b33622&vjs=3
Data Scientist - Autonomous Mobility (DS3),Internal Job Board,https://uk.indeed.com/rc/clk?jk=67d6d9a9fb4b078e&fccid=ccfdefab2235c9a1&vjs=3
Data Scientist (UK),Pandera Systems,https://uk.indeed.com/rc/clk?jk=7f7fcae0338d160b&fccid=505d1fb00d86d35b&vjs=3
Lead Data Scientist,Complete,https://uk.indeed.com/company/Complete-Coherence-Limited/jobs/Lead-Data-Scientist-36426c0ff724906e?fccid=ebcfd5f3e2eed381&vjs=3
Senior Data Scientist,Sky,https://uk.indeed.com/rc/clk?jk=57e2d047b2529517&fccid=288ce4c9ce99f179&vjs=3
"Data Scientist (Decarbonisation, Electrification, & Nature-B...",Aubay UK,https://uk.indeed.com/company/Aubay-UK/jobs/Data-Scientist-53a5cfedc516a0fd?fccid=1c290716cf3be91d&vjs=3
ESG Product Innovation: Data Scientist,S&P Global Ratings,https://uk.indeed.com/rc/clk?jk=873fd8327e5436ea&fccid=b716e44d2c6283e7&vjs=3
"Data Scientist, Presales, London",Moveworks,https://uk.indeed.com/rc/clk?jk=bfcfcbaab03c38da&fccid=e3ab92cfb41ef750&vjs=3
AWM - Data & Analytics - Investment Platform - Data Scientis...,"JPMorgan Chase Bank, N.A.",https://uk.indeed.com/rc/clk?jk=acd6dc7082445bb5&fccid=aaf3b433897ea465&vjs=3
Data Scientist,Roke,https://uk.indeed.com/rc/clk?jk=676ad5c9db113482&fccid=4487668d2efa56e9&vjs=3
Data Scientist,Sykes Cottages,https://uk.indeed.com/company/Sykes-Cottages/jobs/Data-Scientist-9cd3f258dff22ccf?fccid=77a36d4440c8bf54&vjs=3
Statistician (Consumer data) / Data Scientist,Mintel,https://uk.indeed.com/rc/clk?jk=5ca979c0e6a07b2f&fccid=732b5bd56c00e827&vjs=3
Asset Management - Data Scientist - ESG - Vice President,"JPMorgan Chase Bank, N.A.",https://uk.indeed.com/rc/clk?jk=be321f8966f72aaf&fccid=aaf3b433897ea465&vjs=3
Data Scientist,Artefact,https://uk.indeed.com/rc/clk?jk=8559534d87a73b1b&fccid=c1f750eaef1d79c4&vjs=3
Associate Director EMEA CBI Data Science,Johnson & Johnson,https://uk.indeed.com/rc/clk?jk=ebe3c8ec731dc627&fccid=0bed8e17bc113980&vjs=3
Data Scientist,Pulse-Eight,https://uk.indeed.com/rc/clk?jk=3e53aa6160d6234f&fccid=7c3af5fdb17d80ed&vjs=3
Asset Management - Data Scientist - ESG - Vice President,"JPMorgan Chase Bank, N.A.",https://uk.indeed.com/rc/clk?jk=be321f8966f72aaf&fccid=aaf3b433897ea465&vjs=3
Data Scientist,Artefact,https://uk.indeed.com/rc/clk?jk=8559534d87a73b1b&fccid=c1f750eaef1d79c4&vjs=3
Associate Director EMEA CBI Data Science,Johnson & Johnson,https://uk.indeed.com/rc/clk?jk=ebe3c8ec731dc627&fccid=0bed8e17bc113980&vjs=3
Data Scientist,Pulse-Eight,https://uk.indeed.com/rc/clk?jk=3e53aa6160d6234f&fccid=7c3af5fdb17d80ed&vjs=3
Data Scientist,DemandScience,https://uk.indeed.com/rc/clk?jk=153c3d30beafa1da&fccid=447e627f2ff57e65&vjs=3
Junior/Graduate Data Scientist,Spectrum IT,https://uk.indeed.com/rc/clk?jk=e01257e47e7c4c85&fccid=3230c26aebda155c&vjs=3
Lead Genomic Data Scientist - Diversity,Genomics England,https://uk.indeed.com/rc/clk?jk=d4f402be56d550e8&fccid=2c9f16151cc689de&vjs=3
Digital Marketing Data Scientist,Reckitt,https://uk.indeed.com/rc/clk?jk=29d19d869c0aa1be&fccid=25fcc0ef2edd3f05&vjs=3
Data Scientist,Michael Page UK,https://uk.indeed.com/pagead/clk?mo=r&ad=-6NYlbfkN0Da9xVMNybXuHG7DPa_x9drl7LR9bOIf8ZNAOgqHjt-XlvBir89FJwa3x8ggp29WN7O1axsL6hq3I6Ul0_2BO6MFtnbgqCSNn7o50UnimTH1DYmPG-aNf7NBGLL3_oQ0Ce3pR3R4Mi33-Giii_SCXGPyMGfW8uHh4MBR-oHUJmggp91IJ-mkr6JAkywt9sT90RdRbBJBvUOApCjnaNGo1SCUabdXoe1EnOIyD7jRBDgmn4AlJZHb9DcW6gKv7wvqZte2qYlVUFn_qur4nMmn8qyd1G3aGq9atXB0SA0Lw9lYGeuwLioAVtf2h_-q_E3WuFvlyuT5sB1miKmE83lTd8OwjW2g02nWyoJphZl6pGC7FaiWAxCzaUUexEA0m8PI9MHMfMeuZAmx6pODu0eAd2y0FolfBy_gERT3uN3VogXEasQiWaqpMfU_FNNA2XM46DI83Bkvp6HqcVWa-Xd2OG1hrUuVA7jyl-oXDmdPP1Q9O_0_f_Poa5vLdXZzOsaKG4DUGiEApGcj-dceqNk5EN0KavnhVcy6lhMNKYJuQWtkVpUXkl7h8M3DdJeQPe34DsVR-Ul9PAYLdh8zjQHZYf27FBeusWZDH-mbomJlPxG-d_ESv5cNL5UMTVqr1swE_LTcXh-vh90TXvrDXltfgVgIK6gJW9qZf0K4CbGdK1uowd6-d9KN63RL46JVnW-PdimMcC9aKaBNcKMqm2PufaRLXGNin3VdofcXGluUFV9AqPC1UBUBepK&p=8&fvj=0&vjs=3
"Senior Manager, Data and Analytics EMEA",Johnson & Johnson,https://uk.indeed.com/rc/clk?jk=90785857bf3b4d7f&fccid=0bed8e17bc113980&vjs=3
QDI Data Science Application Scientist,Qiagen,https://uk.indeed.com/rc/clk?jk=aff2780ee8039a37&fccid=58e44ef0852f1a0d&vjs=3
Data Scientist,CarbonChain,https://uk.indeed.com/rc/clk?jk=9a4462f9e061f788&fccid=cc9736530099397d&vjs=3
Data Scientist,Atkins,https://uk.indeed.com/rc/clk?jk=a7b790e829155678&fccid=d67cac272a1a8c54&vjs=3
Inaugural Data Scientist,Pragmatik AI,https://uk.indeed.com/rc/clk?jk=deaa2d884b6bf56d&fccid=dd616958bd9ddc12&vjs=3
Senior Data Scientist,Wayve,https://uk.indeed.com/rc/clk?jk=40908e2e02d24fb7&fccid=df35c50e2371b848&vjs=3
Assistant Manager - Data Scientist (D grade),KPMG,https://uk.indeed.com/rc/clk?jk=ba62e77b2b063aa4&fccid=2dd390c3a48a7ed0&vjs=3
Data Scientist,Tradeteq,https://uk.indeed.com/rc/clk?jk=e5e13dbb83d1f1c2&fccid=fd5524fd68d39a9e&vjs=3
Rater/Machine Learning Agent,RWS,https://uk.indeed.com/rc/clk?jk=6993bbcf05b3a75d&fccid=42902ed7252fb8a2&vjs=3
Machine Learning Intern (London),Quantcast,https://uk.indeed.com/rc/clk?jk=a817e7f292a0e5a0&fccid=ae804d7135a7b480&vjs=3
Lead Data Scientist,Sky,https://uk.indeed.com/rc/clk?jk=30884bc207cbe929&fccid=288ce4c9ce99f179&vjs=3
Lead Data Scientist,SEVERN TRENT,https://uk.indeed.com/rc/clk?jk=71f3c3c45d78ef5b&fccid=89ad174f8202f4b4&vjs=3
Data Scientist - Experimentation and Causal Inference,Just eat Takeaway.com,https://uk.indeed.com/rc/clk?jk=d19751ee936a2cb1&fccid=b48442910bb69b13&vjs=3
Lead Data Scientist,Dyson,https://uk.indeed.com/rc/clk?jk=557ac1768ab4ab82&fccid=366382f52796fce2&vjs=3
Machine learning engineer- UAS navigation,Archangel Imaging,https://uk.indeed.com/company/Archangel-Imaging/jobs/Machine-Learning-Engineer-86dc420b3e65f747?fccid=c29a934e0027e7a1&vjs=3
Data Scientist - Healthcare/Life Sciences,SAS Institute Inc,https://uk.indeed.com/rc/clk?jk=90c5f7c7428f158f&fccid=0288b34a02030660&vjs=3
Senior Data Scientist,Holland & Barrett,https://uk.indeed.com/rc/clk?jk=35bb3a8ae9c07d3d&fccid=344344dda6e83d9f&vjs=3
DATA SCIENCE CONSULTANT LONDON,managementsolutions,https://uk.indeed.com/rc/clk?jk=6b09ddd8c8759fe8&fccid=f3eca80b6759548b&vjs=3
Data Scientist - sporting data,Bettor Believe,https://uk.indeed.com/company/Bettor-Believe/jobs/Data-Scientist-596183b2b0d2687a?fccid=5e655d35be9c6675&vjs=3
Senior Data Scientist,AstraZeneca,https://uk.indeed.com/rc/clk?jk=17272ae3b5c68e6b&fccid=003656df63cede32&vjs=3
Data Scientist,Plum Guide,https://uk.indeed.com/rc/clk?jk=5ebfc2c6a6580c9b&fccid=737d836592f70a75&vjs=3
Senior Data Scientist,AstraZeneca,https://uk.indeed.com/rc/clk?jk=17272ae3b5c68e6b&fccid=003656df63cede32&vjs=3
Data Scientist,Plum Guide,https://uk.indeed.com/rc/clk?jk=5ebfc2c6a6580c9b&fccid=737d836592f70a75&vjs=3
Associate Data Scientist,Hitachi Europe Ltd.,https://uk.indeed.com/rc/clk?jk=f671b48c92e1f0af&fccid=28f79c18789111e8&vjs=3
"Lead Data Scientist, Climate & Data Technology",NatWest Group,https://uk.indeed.com/rc/clk?jk=6f1f1b5bf01dfb77&fccid=4a3a2b1eb3ec0691&vjs=3
AI Scientist - Natural Language Processing,PGSM Consulting,https://uk.indeed.com/rc/clk?jk=9f47d1a99bea8203&fccid=2f9ec83ca1f1ff89&vjs=3
Data Scientist,Infineum,https://uk.indeed.com/rc/clk?jk=c619500d2bf92908&fccid=23c3e97d77448adb&vjs=3
Data Scientist,Lawrence Harvey,https://uk.indeed.com/rc/clk?jk=b167566c02185c4a&fccid=1a1be91d486c5b3a&vjs=3
Principal Data Scientist,Data Idols,https://uk.indeed.com/rc/clk?jk=e3a5114aad19ccbf&fccid=19d1d48be8ab494a&vjs=3
Delivery Data Science,Microsoft,https://uk.indeed.com/rc/clk?jk=ab73dee0e10596cd&fccid=734cb5a01ee60f80&vjs=3
Data Scientist,ctrlio Ltd,https://uk.indeed.com/rc/clk?jk=8b36f9c2e074f492&fccid=e1c3e521fd9970e6&vjs=3
Data Scientist (Associate or VP) - Applied AI for Global Tec...,"JPMorgan Chase Bank, N.A.",https://uk.indeed.com/rc/clk?jk=a555632e645718bb&fccid=aaf3b433897ea465&vjs=3
Junior Data Scientist,Executive Recruitment Services,https://uk.indeed.com/rc/clk?jk=31b8a999327974fd&fccid=81f2aded1665844b&vjs=3
Data Science Analyst,iTechmedia,https://uk.indeed.com/company/iTech-Media/jobs/Data-Science-Analyst-c4d35a21ceca213f?fccid=ea01daacf6abf0b8&vjs=3
Data Scientist,Harnham,https://uk.indeed.com/rc/clk?jk=3a54e39766a65717&fccid=d72eb0548d91249c&vjs=3
Data Scientist – 12-month fixed term contract,Life Arc,https://uk.indeed.com/rc/clk?jk=5b9fc23eee90d226&fccid=ffc3e493fe3ea7ef&vjs=3
AI Scientist - Machine Learning,PGSM Consulting,https://uk.indeed.com/rc/clk?jk=13635f31f3ef3a02&fccid=2f9ec83ca1f1ff89&vjs=3
Data Science Director,LEGO,https://uk.indeed.com/rc/clk?jk=ae4faa2dd9107b77&fccid=7ffb2f076144ee5d&vjs=3
Data Scientist (ref 086),Easysoft Ltd,https://uk.indeed.com/company/Easysoft-Ltd/jobs/Data-Scientist-b20d177d436d5f44?fccid=0ab345f55c9f31df&vjs=3
Senior Data Scientist,Luno,https://uk.indeed.com/rc/clk?jk=ea38cb73d2ce2513&fccid=e2c2fcf649ca45fe&vjs=3
Junior Data Scientist,Dovestone Technology Solutions,https://uk.indeed.com/rc/clk?jk=e3c2f33f109a9f71&fccid=34ea771d3e328c8d&vjs=3
Full Stack Data Scientist,Fable Data,https://uk.indeed.com/rc/clk?jk=120b426f2e026a11&fccid=97de08cc0d912589&vjs=3
Data Scientist,Smarsh,https://uk.indeed.com/rc/clk?jk=19621b55a6721d3b&fccid=6280e0f77cd32f4f&vjs=3
Data Scientist,Owlstone Medical,https://uk.indeed.com/company/Owlstone/jobs/Data-Scientist-870751d93967765e?fccid=d92f653d0d6e54bf&vjs=3
Data Scientist (Temp),Vanguard,https://uk.indeed.com/rc/clk?jk=1db28f81893ee97a&fccid=510aa29fcf8f87d9&vjs=3
Data Scientist,HSBC,https://uk.indeed.com/rc/clk?jk=5fc3047643885f4c&fccid=04c9b139c84ea1b5&vjs=3
"Consultant/Senior Consultant, Precision Medicine Data Scienc...",Deloitte,https://uk.indeed.com/rc/clk?jk=6d5d79105eaf1bb2&fccid=9e215d88a6b33622&vjs=3
Data Scientist - FX Services - Currencies & Emerging Markets...,"JPMorgan Chase Bank, N.A.",https://uk.indeed.com/rc/clk?jk=8d2afb03e140052d&fccid=aaf3b433897ea465&vjs=3
Process Data Scientist,EUROAPI UK,https://uk.indeed.com/rc/clk?jk=413de316381178d4&fccid=6ac73132d66f1daf&vjs=3
Data Scientist,FXC Intelligence,https://uk.indeed.com/rc/clk?jk=b12108518d6b3845&fccid=54ab870cdd81adf6&vjs=3
Data & Analytics Senior Associate (Deals Insights & Analytic...,PwC,https://uk.indeed.com/rc/clk?jk=a1bfe01bb3eb5a2b&fccid=5e964c4afc56b180&vjs=3
Data Scientist,First Central,https://uk.indeed.com/rc/clk?jk=f494d612d32a9897&fccid=3076bed1565e8ed2&vjs=3
Data Science Consultant - Artificial Intelligence Advisory,PwC,https://uk.indeed.com/rc/clk?jk=52dae2aa4cf8c25e&fccid=5e964c4afc56b180&vjs=3
Senior Data Scientist,Somerset Bridge Group,https://uk.indeed.com/rc/clk?jk=14bf1eab60e6200d&fccid=dcf770126ed58a1f&vjs=3
Lead Data Scientist - Investment Management - London or NY,causaLens,https://uk.indeed.com/rc/clk?jk=f154763a6bda5191&fccid=8cd7a49755337607&vjs=3
Principle Data Analytics Consultant,Digital Waffle,https://uk.indeed.com/rc/clk?jk=202f7603f2fd4c05&fccid=af02b98b92a2145b&vjs=3
Data Scientist - UK,Shift Technology,https://uk.indeed.com/rc/clk?jk=b76b8725cff2dfa5&fccid=8fed3c2c731465ef&vjs=3
Associate Principal Data Scientist – Biopharmaceutical Devel...,AstraZeneca,https://uk.indeed.com/rc/clk?jk=b7c8200dac069fc3&fccid=003656df63cede32&vjs=3
Data Science Fellowship,Peak AI,https://uk.indeed.com/rc/clk?jk=93fbc4dbbe2d7717&fccid=19c24e7b982830fc&vjs=3
Data Science Intern,Kalibrate Technologies,https://uk.indeed.com/company/Kalibrate-Technologies/jobs/Data-Science-Intern-f079b75aab8d5a00?fccid=b213a9833c76aeb0&vjs=3
Senior Data Scientist,MARS,https://uk.indeed.com/rc/clk?jk=9c56752794110871&fccid=6f49e88f14c18b75&vjs=3
Data Scientist,Publicis Groupe,https://uk.indeed.com/rc/clk?jk=abe34e56f4c8937f&fccid=db7f53db949dad57&vjs=3
Data Scientist,IT Executive Group,https://uk.indeed.com/company/IT-Executive-Group/jobs/Data-Scientist-bce4885cd33cd726?fccid=a0ffd5ecbb2207de&vjs=3
Data Scientist - Integrated Evidence,Novartis,https://uk.indeed.com/rc/clk?jk=1972c1c50c935442&fccid=c35194d01a9e2595&vjs=3
Analyst: Data & Analytics,Essex County Council,https://uk.indeed.com/rc/clk?jk=70b54c5de91bd3b1&fccid=f769eafbee700916&vjs=3
Data Scientist (Core),Revolut,https://uk.indeed.com/rc/clk?jk=10bf7453c51b5f9d&fccid=1c00ce6833fa8f3d&vjs=3
Data Scientist (Core),Revolut,https://uk.indeed.com/rc/clk?jk=10bf7453c51b5f9d&fccid=1c00ce6833fa8f3d&vjs=3
Data Scientist (Platform Experience Group - PEG),PlayStation Global,https://uk.indeed.com/rc/clk?jk=24e2fd89e44825e6&fccid=ad3f1759d3ff042b&vjs=3
"Senior Data Scientist, User Experience",Monzo,https://uk.indeed.com/rc/clk?jk=6d9546d626d2d1f4&fccid=73da13d58dc1080c&vjs=3
Data Analytics Consultant,hireful,https://uk.indeed.com/rc/clk?jk=a34f6aeeb4a7c49e&fccid=eb521b08745a8fd6&vjs=3
Sustainability Data Scientist,World Wide Generation Ltd,https://uk.indeed.com/company/World-Wide-Generation-Ltd/jobs/Sustainability-Data-Scientist-ff6863bbb40b45eb?fccid=b23b2580c941f7e5&vjs=3
Junior Data Scientist,Blues Point,https://uk.indeed.com/company/Blues-Point/jobs/Junior-Data-Scientist-5b4800281ac4a4e2?fccid=de877b1bc079ffc6&vjs=3
Data Scientist - Innovation Lab (NLP),Citi,https://uk.indeed.com/rc/clk?jk=17d25f85f95b121e&fccid=5bcd1ef0a7f4fb99&vjs=3
Analytics Consultant,BAE Systems,https://uk.indeed.com/rc/clk?jk=cc0bd7dc7e67fa06&fccid=200a825acadb9338&vjs=3
Data Scientist,Kindred Group,https://uk.indeed.com/rc/clk?jk=e1aa0c0f7e75dbaf&fccid=328e069e300289d4&vjs=3
Data Analytics - Assistant Manager 1,KPMG,https://uk.indeed.com/rc/clk?jk=4c8cffbf70703e17&fccid=2dd390c3a48a7ed0&vjs=3
Machine Learning Scientist,Doctors.net.uk,https://uk.indeed.com/rc/clk?jk=ad619aa89a5f288b&fccid=774092bd19de6d6a&vjs=3
Senior Data Scientist,Omnicom Health Group,https://uk.indeed.com/rc/clk?jk=4729379319ce1b36&fccid=3a58a6877f80f179&vjs=3
Data Scientist,Hastings Direct,https://uk.indeed.com/rc/clk?jk=6a7295ab37cf32cf&fccid=aad03946f64a0ca3&vjs=3
Senior Data Scientist - Claims,Arch Europe Insurance Services Ltd,https://uk.indeed.com/rc/clk?jk=70699cfc1f1e7336&fccid=c6bbd9e66fe952c3&vjs=3
Machine Learning Engineer (Data Scientist),DDM Health Ltd,https://uk.indeed.com/company/Diabetes-Digital-Media/jobs/Machine-Learning-Engineer-0ca096b20c856f2d?fccid=280299c59787c90b&vjs=3
"Consultant/Senior Consultant (Life Sciences), Data Science,...",Deloitte,https://uk.indeed.com/rc/clk?jk=06f7ef79b5a37468&fccid=9e215d88a6b33622&vjs=3
Conduct Risk Strategy – Data Science,Citi,https://uk.indeed.com/rc/clk?jk=8eaaddc25a15632b&fccid=5bcd1ef0a7f4fb99&vjs=3
Data Scientist,BGL Group,https://uk.indeed.com/rc/clk?jk=2201698d56ecc45d&fccid=ac3867fa48a49c41&vjs=3
Data Strategy and Analytics Lead,Department of Health and Social Care,https://uk.indeed.com/rc/clk?jk=a8ad18239c44b166&fccid=8b21fd09496ad42f&vjs=3
Data Scientist,Vodafone,https://uk.indeed.com/rc/clk?jk=5d22d19617c2d756&fccid=374d720d3973ca1c&vjs=3
"Senior Data Scientist - Alexa Shopping, Alexa Product Adviso...",Amazon Dev Centre (London) Ltd,https://uk.indeed.com/rc/clk?jk=f437005c25e4f00a&fccid=fe2d21eef233e94a&vjs=3
Data Scientist,Shift F5,https://uk.indeed.com/rc/clk?jk=a2ad7a7575940c9e&fccid=51cdf18e3e4b5a5a&vjs=3
Senior Data Scientist,Pangaea Laboratories,https://uk.indeed.com/company/www.medik8.com/jobs/Senior-Data-Scientist-bf387a934c47dae4?fccid=e4926ee90f53323c&vjs=3
Lead Data Scientist,CogX,https://uk.indeed.com/rc/clk?jk=ce301e1e61455c46&fccid=ec1d8e00da28dc77&vjs=3
Physicist/Data Scientist,ghd hair,https://uk.indeed.com/company/ghd-hair/jobs/Physicist-Data-Scientist-b84b8d7c216e8408?fccid=214fc57ea0a5cf30&vjs=3
Data Scientist,Red Sift,https://uk.indeed.com/rc/clk?jk=28277ded23c89e17&fccid=d858fcf0103e66b9&vjs=3
Data Scientist,Cardinality,https://uk.indeed.com/company/Cardinality/jobs/Data-Scientist-77cc118d32b069bf?fccid=804779e1eecccc0e&vjs=3
Data Scientist,ManyPets (via Otta),https://uk.indeed.com/rc/clk?jk=43be8f2a89795170&fccid=230d7ac6c20e82fd&vjs=3
Data Scientist Lead,EDF Trading,https://uk.indeed.com/rc/clk?jk=88823e590fe3b3ad&fccid=58152dfd392ac25d&vjs=3
Data Scientist,Mediahub,https://uk.indeed.com/rc/clk?jk=67da1e8222a1246b&fccid=1c10aa7cc69b6ab1&vjs=3
Head of Data Science,Talenting,https://uk.indeed.com/rc/clk?jk=4b8d79e73e15d6a6&fccid=3b93fef79b0b7b69&vjs=3
"Data Scientist II, Product Analytics - Credit Card",Expedia Group,https://uk.indeed.com/rc/clk?jk=7da5ab3037ed8953&fccid=160efb82f2462f14&vjs=3
Data Scientist,Raylo,https://uk.indeed.com/rc/clk?jk=374c3c53fe38637e&fccid=80fbc19122e4c351&vjs=3
Data Scientist - Analytics Consultant Maths Degree,hireful,https://uk.indeed.com/rc/clk?jk=780801e5b1e4d758&fccid=eb521b08745a8fd6&vjs=3
Senior Data Scientist (Remote),Sensor Tower,https://uk.indeed.com/rc/clk?jk=b416f5b964f7c6b2&fccid=c659788ec6cc356e&vjs=3
NLP Data Scientist,NOKIA,https://uk.indeed.com/rc/clk?jk=f9894133a3a58200&fccid=3444e7c94299ba32&vjs=3
Data Scientist,Teamlog,https://uk.indeed.com/rc/clk?jk=7ec8782ae7432e26&fccid=9c74035c101980b7&vjs=3
Graduate Machine Learning Engineer,Kubrick Group,https://uk.indeed.com/company/Kubrick-Group/jobs/Graduate-Machine-Learning-Engineer-c56998771c42f6bc?fccid=d9926f2a37617c4e&vjs=3
Data Science Manager - Vivid Economics,McKinsey & Company,https://uk.indeed.com/rc/clk?jk=d037fd4af3ca379d&fccid=6576e7250aa78c3c&vjs=3
Data Scientist - Intern,MRP (GBP),https://uk.indeed.com/rc/clk?jk=485e2108530cffa4&fccid=4829e41235c1d113&vjs=3
"Data Scientist II, Analytics (Expedia for Business)",Expedia Group,https://uk.indeed.com/rc/clk?jk=9ce720a4c350e347&fccid=160efb82f2462f14&vjs=3
"Data Scientist (Decarbonisation, Electrification, and Nature...",Aubay,https://uk.indeed.com/rc/clk?jk=ff2ea253f07f24bd&fccid=f7aa4cbc87e7e5d7&vjs=3
Data Scientist,Pertemps Network Group,https://uk.indeed.com/rc/clk?jk=912f4563e59c6461&fccid=1976b8742794eede&vjs=3
Senior Data Scientist,Ridgewell Hawkes Technology,https://uk.indeed.com/company/Ridgewell-Hawkes-Technology/jobs/Senior-Data-Scientist-889588ffa3c920c2?fccid=bfb9dc01ff00e691&vjs=3
Senior Data Scientist,Choreograph,https://uk.indeed.com/rc/clk?jk=4129651420aea004&fccid=0614d2719af6b5da&vjs=3
Data Scientist,Brit Group Services,https://uk.indeed.com/rc/clk?jk=857126228592da79&fccid=e0cf9055399ee52d&vjs=3
"Data Science Innovation, Analyst",Standard Chartered,https://uk.indeed.com/rc/clk?jk=30acfc5986c89785&fccid=5249cd8e17163cb5&vjs=3
Data Analytics Tutor,Projecting Success,https://uk.indeed.com/company/Projecting-Success/jobs/Data-Analytic-Tutor-f6f6b6fca2fa41cf?fccid=a79705ef17ef5f18&vjs=3
Data Science Graduate Career Accelerator,Bluetownonline Ltd,https://uk.indeed.com/company/Bluetownonline-Ltd.-Office/jobs/Data-Science-Graduate-Career-Accelerator-d259062f035820b3?fccid=ee422a4bf06af856&vjs=3
"Data Scientist, Product Analytics",Facebook App,https://uk.indeed.com/rc/clk?jk=a6d77ad5ec6a7ce1&fccid=ba07516c418dda52&vjs=3
Data Scientist| Lead Data Scientist,Animal Friends Insurance,https://uk.indeed.com/rc/clk?jk=492f8ff88546e21c&fccid=bd3231e5b9627135&vjs=3
Lead Data Scientist,UK Centre for Ecology & Hydrology,https://uk.indeed.com/company/Centre-for-Ecology-&-Hydrology/jobs/Lead-Data-Scientist-a2a8de2d9fb246c5?fccid=16a1844838538ed3&vjs=3
Data & AI VelocITy Graduate Programme | October 2022,Avanade,https://uk.indeed.com/rc/clk?jk=ce842aa09c1a2471&fccid=5386281035076fdf&vjs=3
Head of Data Science,OVO Energy,https://uk.indeed.com/rc/clk?jk=4183e4504109f490&fccid=f23134d18c3d097f&vjs=3
Data Scientist — Treasury Risk and Exposure,Wise,https://uk.indeed.com/rc/clk?jk=60d0987cd25a064b&fccid=0b3564a667f52b8b&vjs=3
Senior Data Scientist,The Planning Shop,https://uk.indeed.com/rc/clk?jk=8bee3f645a56d7b6&fccid=792708b347319c7d&vjs=3
Data Scientist,Heat Recruitment,https://uk.indeed.com/rc/clk?jk=4128829d82e3fba6&fccid=9d96e96c04ab56f9&vjs=3
"Consultant, Artificial Intelligence Engineer, Data & Analyti...",Deloitte,https://uk.indeed.com/rc/clk?jk=f50a4f69d8324d3f&fccid=9e215d88a6b33622&vjs=3
"Data Scientist II, Product Analytics",Expedia Group,https://uk.indeed.com/rc/clk?jk=89a92dd57bf242f0&fccid=160efb82f2462f14&vjs=3
Machine Learning Engineer,PwC,https://uk.indeed.com/rc/clk?jk=330bef55cd3e3422&fccid=5e964c4afc56b180&vjs=3
Data Scientist,Datasource,https://uk.indeed.com/rc/clk?jk=4068e96c5e18d240&fccid=290ed65fe937e741&vjs=3
Data & Analytics Senior Associate (Deals Insights & Analytic...,PwC,https://uk.indeed.com/rc/clk?jk=33211fd9aac7f5b1&fccid=5e964c4afc56b180&vjs=3
"Data Science Manager, Ads",Facebook App,https://uk.indeed.com/rc/clk?jk=6ad4d2a65c7fd9ac&fccid=ba07516c418dda52&vjs=3
Data Scientist,CooperVision,https://uk.indeed.com/rc/clk?jk=8674e806bc870070&fccid=1a7983518cdfa50d&vjs=3
Junior NLP Data Scientist (Remote),DigitalGenius,https://uk.indeed.com/rc/clk?jk=ad1a7832c11d9a0d&fccid=a7740ef5f1eebcc6&vjs=3
Associate Professor in Cybersecurity OR Data Science,Nottingham Trent University,https://uk.indeed.com/rc/clk?jk=1b8336ef80702a9c&fccid=bfcb15b98347c190&vjs=3
Data Scientist,Revoco Limited,https://uk.indeed.com/company/Revoco-Limited/jobs/Data-Scientist-a173aa0989428ba1?fccid=2e5a8a3b24fd9e7b&vjs=3
Data Scientist,The Five Lamps Organisation,https://uk.indeed.com/company/The-Five-Lamps-Organisation/jobs/Data-Scientist-87cb6e313552990d?fccid=cdd97ce56e11261b&vjs=3
Head of Data Science,Ovo Energy Limited,https://uk.indeed.com/rc/clk?jk=65973e1e088f9e4e&fccid=f23134d18c3d097f&vjs=3
Data Scientist,SWL Group International Ltd,https://uk.indeed.com/company/SWL-Group-International-Ltd/jobs/Data-Scientist-d0cef20b803f0a29?fccid=83c93ad7c852810c&vjs=3
Data Science Intern,UserTesting,https://uk.indeed.com/rc/clk?jk=8bd0384550772283&fccid=b3d7e23ba33dc4c3&vjs=3
Systems Engineer - Data Science,Verizon,https://uk.indeed.com/rc/clk?jk=9cdfac6c9781281e&fccid=f7029f63fe5c906e&vjs=3
Data Scientist,Hokodo,https://uk.indeed.com/rc/clk?jk=96d043c3842bc41b&fccid=1fd57c14894bfd44&vjs=3
Data Science Engineer,dunnhumby,https://uk.indeed.com/rc/clk?jk=8623a4f122eadb16&fccid=36801496409e6dc9&vjs=3
Data Scientist,CAPCO,https://uk.indeed.com/rc/clk?jk=4b1b3ed81be18816&fccid=c2a63affe8751868&vjs=3
Data Science Engineer,dunnhumby,https://uk.indeed.com/rc/clk?jk=8623a4f122eadb16&fccid=36801496409e6dc9&vjs=3
Data Scientist,CAPCO,https://uk.indeed.com/rc/clk?jk=4b1b3ed81be18816&fccid=c2a63affe8751868&vjs=3
Data Scientist - Technical Lead,Kaluza,https://uk.indeed.com/rc/clk?jk=62ea1c33fa5344d7&fccid=a66614257969d5da&vjs=3
Senior Data Scientist – Belfast – VP/C13 (R22013443),Citi,https://uk.indeed.com/rc/clk?jk=c809372633277ca1&fccid=5bcd1ef0a7f4fb99&vjs=3
Senior Applied AI Research Scientist - Representation Learni...,Babylon,https://uk.indeed.com/rc/clk?jk=adfa358f4213ee03&fccid=1330a6fe4b048913&vjs=3
FinTech Lead Data Scientist,Metrica Recruitment,https://uk.indeed.com/pagead/clk?mo=r&ad=-6NYlbfkN0B4I0z8Vg4C22bXJk453pUE2nnLCUOyY_R-ihB16RDW65dAXO9w17QY8SOm2HP94HpfP_emjjnD7YJ9_3yB6lgocKZ4wjZqQjxHGGr-D3i0OSKsRh5Hv4yMvz2uGf3MdxqF3uxZwc_rR9GzIuDxbs61qMz1mYuV5LR-KCIDHp38as51FrdF6YpH51C3s5BzUAaybNHnYoNvdLEYuNmQ4UVHni5xg5zHcFM-Vl1EnMeYbg1QdKaNgIqw5PdtBLjy1RHfkQqx9spSN1Ytmaj4Udm9AVDcc03SdgkV4hWwBjL2tAbzcaoL5etbQzk163adKhm0S0rZwzuMReb_mt-53tEDuNIQgxwdBPkmhPl3jTrCFvLHWXAUBTIZKLk2YAs0L-EU9kiHy8o_V0OVYGb4pqJmniqkwqrw37gXrBOSOefdj5gFRpVGiD3GRj6feg9aj61k3c9edxcE_bvvNbuigS1voyby2bDOxsEN0E-Ju2rUS50E97h5e6Vfwg_PpzXiImQunlkNSQjRAqv_ua8o1gvBIB3sAA2vTDvWj4XEfACgdA2FjObxp6J6lSoPugsNklrbQe5yNe2BDPDx6l7zAEA2P8rS0d04pWGGC6iuMx9q1onsrSZ-wPljTDX_I_m9Jgte7y0GBb7dPI58nWAMV4Q2ZXG1fPrA00z9_GtJpZWnWKqm25ANVmmHXRzg8gXPwog=&p=5&fvj=0&vjs=3
Natural Language Processing Data Scientist,QinetiQ,https://uk.indeed.com/rc/clk?jk=1f2739ac545d24af&fccid=a7c92d37815397cf&vjs=3
Data Scientist,Qogita,https://uk.indeed.com/rc/clk?jk=190e905c4d93d5a0&fccid=5b2230d812e38972&vjs=3
Data Scientist,Natter ai,https://uk.indeed.com/rc/clk?jk=48c8eb992a2d923f&fccid=a7a9cb92608e86de&vjs=3
Principle Data Scientist,MediaCom,https://uk.indeed.com/rc/clk?jk=5452c6d18f4fa6d9&fccid=b3521fdedc6d788b&vjs=3
Senior Data Scientist,Secret Escapes,https://uk.indeed.com/company/Secret-Escapes/jobs/Senior-Data-Scientist-241fdd972baf485d?fccid=54107364ca6a1c08&vjs=3
"Senior Data Scientist - Strategic Analytics, Cross Border",Visa,https://uk.indeed.com/rc/clk?jk=a64f238fc96048e7&fccid=a3f737e511d9fc8c&vjs=3
Data Scientist,Checkout.com,https://uk.indeed.com/rc/clk?jk=fda503f83dd4a9c5&fccid=a14326eb59ec50db&vjs=3
Lecturer in Geographic Data Science,University of Liverpool,https://uk.indeed.com/rc/clk?jk=17b8296b45116c16&fccid=7fc0e8ffb1cc9590&vjs=3
Senior Data Scientist,"Pixalate, Inc.",https://uk.indeed.com/rc/clk?jk=1873c5849b8e4366&fccid=86d4b5da3ae0fbfe&vjs=3
Senior Data Scientist,Intercom,https://uk.indeed.com/rc/clk?jk=f7b89f2953c884ab&fccid=6f9ac7cf38e2c8c0&vjs=3
Senior Data Scientist,Aubay UK,https://uk.indeed.com/company/Aubay-UK/jobs/Senior-Data-Scientist-1ff08a1af514b61a?fccid=1c290716cf3be91d&vjs=3
"Data Scientist, Legal",Facebook App,https://uk.indeed.com/rc/clk?jk=265e83bf9248d5a0&fccid=ba07516c418dda52&vjs=3
Applied Machine Learning Engineer,Genomics England,https://uk.indeed.com/rc/clk?jk=1bd6d838a8030c7e&fccid=2c9f16151cc689de&vjs=3
Data Scientist,Senitor Recruitment,https://uk.indeed.com/rc/clk?jk=4c8f66f9f9bfd558&fccid=464f02dd1075f5a5&vjs=3
"Financial Services - Associate, Forensic Data Analytics - Lo...",EY,https://uk.indeed.com/rc/clk?jk=8e55eb13e6b93b2d&fccid=1544766d4c2915b0&vjs=3
Network Data Scientist / Developer,Sky,https://uk.indeed.com/rc/clk?jk=41480bd4da937b40&fccid=288ce4c9ce99f179&vjs=3
Data-Science / Deep-Learning Research Internship,Mirada Medical,https://uk.indeed.com/company/Mirada-Medical/jobs/Data-Science-04b72aa3202b3d78?fccid=0541c416d731b2cc&vjs=3
Data Scientist – Aerospace and Defence,Gentrian,https://uk.indeed.com/rc/clk?jk=77191908358191ce&fccid=d40336e39c2e5ed2&vjs=3
Data and Machine Learning Developer,Metrica Recruitment,https://uk.indeed.com/pagead/clk?mo=r&ad=-6NYlbfkN0B4I0z8Vg4C22bXJk453pUE2nnLCUOyY_R-ihB16RDW65dAXO9w17QY8SOm2HP94Hp3sy9e0aC1Frqbq4Vi-Kxq3gt6MPgM45jKiXuh2znb79rFpw78cSSU9YLn562ZrKPYN2JirtJYd-wQBsX1cjBERYxt1qzj2GUsPE4roKfkat59C3z92Zt5TaFBXBCfjDPNxhHhnx1aEVDhlloTdPlY-a_i1t99D1eQgGpHBWpZf15nvMp3JdC62ShX-K-SNtOearGfswni6BToN2ic2OQATVyefY8HCfqYJ2d1f4aVYn8afL2A2raD-BpwNP_9AxwnQj135nMdpszS-AgMvc-8T8YNuXOj41lUXLdEp5E4BVz7dc2E8nFiEJmUUzAkIn-Ovb4fIQPEVCGPlH0YoeZq_srk5zDcqKgZVY3TatXNBs-5IeOQzUB5iwrdHsBpcISp4mVajyafsAivxh6epfyMGIyQcnwPO_zmCfB7qL9rVo1R09au-w9nkObx59qC0h8adY-TIgYscmOHv0mMWGF4jsXoTMIfIsL7V77qv6Fq7t8GPTkOFVISmcMNPBYq2KrtOgtGBmgiMdSHIfzyZH9JjRAvC9NXUICzPtfYsIEEFGk9tCOynFwLsz70hmjQMjUtzDoVbbvFwMO3ZPact2OcR9uCk9RvH7WROTGqtkVQp5ZVFQ2XE07Xf6kjoa-RxxaFjD4B-c1SNQ==&p=9&fvj=0&vjs=3
Senior Bioinformatician Data Scientist,Nucleome Therapeutics Ltd.,https://uk.indeed.com/company/Nucleome-Therapeutics-Ltd./jobs/Senior-Bioinformatician-Data-Scientist-62fb853f194671e3?fccid=b963b5bf0fedae30&vjs=3
Data Scientist/ Analyst,Barclays,https://uk.indeed.com/rc/clk?jk=bd633a96737f17ee&fccid=057abf3fd357e717&vjs=3
Data Scientist (Mid/Senior),Pave,https://uk.indeed.com/company/PAVE/jobs/Data-Scientist-8b49d70d489c13ee?fccid=d6fd2ca0928f3b57&vjs=3
Data Science - Applied Causal R&D Lab,causaLens,https://uk.indeed.com/rc/clk?jk=848e78151ace029b&fccid=8cd7a49755337607&vjs=3
Data Scientist - Immediate Start,Kleboe Jardine,https://uk.indeed.com/company/Elliot-Dreghorn-Ltd/jobs/Data-Scientist-427054d4c48e162e?fccid=f1a4d10bea72cc6d&vjs=3
Operational Researcher/ Data Scientist,Air Products,https://uk.indeed.com/rc/clk?jk=dfa29bbeaaf53af9&fccid=e30562474c83900b&vjs=3
"Data Scientist, B2B Marketing",Deliveroo,https://uk.indeed.com/rc/clk?jk=b01c6365c0794b6d&fccid=1d79a4290fb70d8e&vjs=3
Data Scientist,Workday,https://uk.indeed.com/rc/clk?jk=49a6e50897813668&fccid=9ac45d217f8342a1&vjs=3
Software Engineering - Data Science Projects,"JPMorgan Chase Bank, N.A.",https://uk.indeed.com/rc/clk?jk=d880207129b8085a&fccid=aaf3b433897ea465&vjs=3
Data Scientist,Datatech Analytics,https://uk.indeed.com/rc/clk?jk=9cb587a7bc7d1f11&fccid=cbf7c87b1ccf4a6c&vjs=3
Lead Data Scientist - Marketing,causaLens,https://uk.indeed.com/rc/clk?jk=968d90c937d40c4e&fccid=8cd7a49755337607&vjs=3
DDaT - Data Services and Analytics (DSA) - Data Engineer,Home Office,https://uk.indeed.com/rc/clk?jk=9333e9945dbb9408&fccid=d6325847d65fa091&vjs=3
Senior Investigative Data Scientist,Amnesty International,https://uk.indeed.com/rc/clk?jk=17af314a7cace987&fccid=05747da28bad0d78&vjs=3
"Manager, Data Science and Machine Learning, Defence and Secu...",Deloitte,https://uk.indeed.com/rc/clk?jk=9a10757e257b6d66&fccid=9e215d88a6b33622&vjs=3
Lead Data Scientist,BAE Systems,https://uk.indeed.com/rc/clk?jk=94e3b4d6c4548dfe&fccid=200a825acadb9338&vjs=3
Associate Data Scientist,Burns Sheehan,https://uk.indeed.com/rc/clk?jk=f57aa6334eda77ca&fccid=9ae7f110ca5aad48&vjs=3
Data Science Degree Apprenticeship - Data and Digitalisation,Western Power Distribution,https://uk.indeed.com/rc/clk?jk=5ff8daf99a52499f&fccid=40451fd12214faf4&vjs=3
Data Scientist,Bright Network,https://uk.indeed.com/rc/clk?jk=db78004d47530886&fccid=60f4533c36c4be93&vjs=3
"Data Science Research & Development (R&D) Apprenticeship, St...",GSK,https://uk.indeed.com/rc/clk?jk=95fc5a4fa7fcdfc7&fccid=4e42ec53f4b93e02&vjs=3
Senior / Lead Data Scientist,BeZero Carbon,https://uk.indeed.com/company/BeZero-Carbon/jobs/Senior-45072bf1c393e2e3?fccid=a43a30abf30f68b9&vjs=3
Senior / Lead Data Scientist,BeZero Carbon,https://uk.indeed.com/company/BeZero-Carbon/jobs/Senior-45072bf1c393e2e3?fccid=a43a30abf30f68b9&vjs=3
Data Scientist,JD,https://uk.indeed.com/rc/clk?jk=8330887e8b3e178d&fccid=771066a9255d9186&vjs=3
Global Surveillance Transaction Monitoring Data Scientist,Barclays,https://uk.indeed.com/rc/clk?jk=ff596460fb0cb58d&fccid=057abf3fd357e717&vjs=3
Data Scientist,Global Radio Services,https://uk.indeed.com/rc/clk?jk=a87bf2999d83ed72&fccid=534e165f8a98c38a&vjs=3
Data Scientist - Manager - Birmingham,EY,https://uk.indeed.com/rc/clk?jk=705c967fa7b8b827&fccid=1544766d4c2915b0&vjs=3
Machine Learning Scientist II,Tripadvisor,https://uk.indeed.com/rc/clk?jk=446afc2f9ac9618c&fccid=28d541df71b2f171&vjs=3
Data Scientist,Recruit Gibraltar,https://uk.indeed.com/rc/clk?jk=cc443ef1878acf46&fccid=36d03882f095bf39&vjs=3
Data Scientist,Consortia,https://uk.indeed.com/rc/clk?jk=eaba89a648d0c58c&fccid=04f36097f3ddf22e&vjs=3
Research Fellow in Statistics/Data Science,London School of Hygiene & Tropical Medicine,https://uk.indeed.com/rc/clk?jk=39777bb4fd918337&fccid=ed35a2bd1c169b42&vjs=3
Data Scientist,IDPP,https://uk.indeed.com/rc/clk?jk=8a0162d13f01e2a4&fccid=9a91c63814afd667&vjs=3
Machine Learning Engineer,Paymentology,https://uk.indeed.com/rc/clk?jk=66212cda27a2b29b&fccid=1fbf782e15daf129&vjs=3
Data Scientist (All Levels),Harnham,https://uk.indeed.com/rc/clk?jk=84ceee2aff8b2fe3&fccid=d72eb0548d91249c&vjs=3
Statistical Programmer / Real-World Data Scientist – Norther...,IQVIA,https://uk.indeed.com/rc/clk?jk=a16f166cddd75f87&fccid=6b7a1dfe07e7f037&vjs=3
"Technical Lead, Machine Learning, Health Artificial Intellig...",Google,https://uk.indeed.com/rc/clk?jk=af6961eab1fe7164&fccid=a5b4499d9e91a5c6&vjs=3
Data Scientist,IIRIS,https://uk.indeed.com/rc/clk?jk=49be161b2eb5905f&fccid=c51980f0f8af53b5&vjs=3
Data Scientist,Stericycle,https://uk.indeed.com/rc/clk?jk=a1dd8c7bc001af67&fccid=bc5afa013c617a43&vjs=3
Technology Consulting - Data Scientist,EY,https://uk.indeed.com/rc/clk?jk=d08d721c65a779b7&fccid=1544766d4c2915b0&vjs=3
Real-World Data Analytics Scientist,GSK,https://uk.indeed.com/rc/clk?jk=ba1789adb2878a0a&fccid=4e42ec53f4b93e02&vjs=3
Research Data Scientist,Facebook App,https://uk.indeed.com/rc/clk?jk=6777918b8f6fcb14&fccid=ba07516c418dda52&vjs=3
Data Scientist,360 Recruitment Consultancy Ltd,https://uk.indeed.com/company/360-recruitment-Consultancy-Ltd/jobs/Data-Scientist-697713ea7941ea49?fccid=4300726fa88e97af&vjs=3
Senior Data Scientist,Toumetis,https://uk.indeed.com/rc/clk?jk=f36aaf615362ad2b&fccid=1408f3873505835f&vjs=3
Senior Data Scientist,MDPI UK,https://uk.indeed.com/rc/clk?jk=d1f4627f9075c907&fccid=cbb418f324e96f66&vjs=3
Manager - Data & Analytics,KPMG,https://uk.indeed.com/rc/clk?jk=c7715e8356bcba42&fccid=2dd390c3a48a7ed0&vjs=3
UK Data & Analytics – Data Engineer,Aon Corporation,https://uk.indeed.com/rc/clk?jk=f4f8d26218a4f320&fccid=dc08cb56cb2d6276&vjs=3
Biostatistician 1: 2022 Graduates,IQVIA,https://uk.indeed.com/rc/clk?jk=e6ea8386a27d7b06&fccid=6b7a1dfe07e7f037&vjs=3
Product Data Scientist,Harnham,https://uk.indeed.com/rc/clk?jk=d5b9203419702106&fccid=d72eb0548d91249c&vjs=3
Audience Measurement - Senior Data Scientist,Ipsos,https://uk.indeed.com/rc/clk?jk=d1448be69f19b8e6&fccid=d73294b71d7f0354&vjs=3
Customer Insights Data Analyst / Scientist,Meraki,https://uk.indeed.com/rc/clk?jk=b3eded4d3c828375&fccid=2f4e1a1f6466489a&vjs=3
Lead Data Scientist - Causal AI in Insurance,causaLens,https://uk.indeed.com/rc/clk?jk=cb98a1baf4c05e8d&fccid=8cd7a49755337607&vjs=3
Applied Scientist,Yelp,https://uk.indeed.com/rc/clk?jk=95629e229ce06b48&fccid=0e94073a1c937bd1&vjs=3
