Data Scientist,Aviva,https://uk.indeed.com/pagead/clk?mo=r&ad=-6NYlbfkN0COBXz3LM_bMh3hIhNhweqnPehmOCpfXL6u20TE5VKnQt9eAaL6BeVtQc6JDVMfjgRvU_zuqi89YteTkB9cWZSRP9hWhndO8fMdQZ9oZOIdvVWzKjzN8KAuUum8UnkPUzQnacRwJlHhQL_rwYgkaqr2ArkMO_afH48BKP-uOJnCJTBHz25lyWD8OSVbowWWBmqXQqCqlC4MxzqRhSiYhhTL0tFDvHQ7h20srV-4optZL3lPyD2V6y1ICKe24zI2_FYHPjoC9Gt6qIecxaMdHnHOx9Tf5iqxWOCEiV-7VnIy9wyCxB3UQuxeF6AgV_TEScgZOia-zJ6u6IxiKkgDmkX8pPTahC9NbkxYq1JpgNu5O0RXT4tXDYFkMoiDPOWayVLK41mKaCCEf5yPHlgVUddb28NVxGsBEAGMhP4or1kANt5NW8Lknko1sG5AJ2uF-UTSvklVQOu-aVykS3r49rviDiWA2_-BNw5moprGM6ID9zaw0RfYclglXHURZ6NS6eWMxynwCvVkL2Kn5KrDXTa3KSrvgdM6dEAij1v6p8hZQP5UpwgKERO_2ciD8YACCFBKnDAK1GxOcMnvI6aHP2fjRDCQJdzL56d8iY8smxqLMjwbmMwQvdF10d-5X1z6vDEbvn30t5MPYJ5Y06SIT5TU3xzNyrKw4x-dsmib7z2ysKPtXTONJE0tY2CxS8EKmrLp9jSQ2j3brEadVRKRLUByvJh1aSB2Min-SkCXoRyKmVvX9YgQj6BFWXWPi86tfX3lnuwF3p9KwsS5GEwtSf0NfOjUdx_5OmshNB3NtbS1pg==&p=0&fvj=0&vjs=3
Data Scientist,Lidl,https://uk.indeed.com/pagead/clk?mo=r&ad=-6NYlbfkN0B-WcTc195XV1__EfuIjdoxCYuquW-P0-wK5aybxFkFw9HyXR04bA3yJahjy-85V2z_Ly3LJLntyMFOMpTyJS4Ehbr0radqpuvvzFwMt1Vaw1sM9BfN-8NEeoTPb_w0r_kJLwckNXWPlGUdx2nvr-vXVPF24NRRgTJjsByOJs6cegQViaW-FZrPTQcPEiU8wbREh6nogTl95YoeJqpvo9Ry8xkteRDAfUwzgCMz80XFfUIoe0Yv_Vgel338AvpmIXzrGtYouMmGdXirsUJfz2uWrVQvP3IBFu4RmiNCifegQfDzVcggPnBiPIdrhdTw7cZGtgFYusCbNDUNptIWAcycuqX0zOOLj_Nq54_FTAgbky9kV1zZXJ6CDzU9E_555zVVqapxjpe6NN2IpopIvpm57qeDH9rf78FbvIVbXEMagN3bt49u8lHToYN-Z6PFrQgxbc5DcgPNa-2fpCMOJouvLetoZJRps0roEvMSEEeShZjkIwLBoEYn&p=1&fvj=0&vjs=3
Data Scientist,Transolved,https://uk.indeed.com/pagead/clk?mo=r&ad=-6NYlbfkN0AqvmIOpSvWkeGcoDJUZpFynQij6yiZDt7__pDe-s19rJbIJVr9yENHZ7Qt-WOuMtxr-jEqDCk4fTwylHhbWy6NfHp7zWq638Ug_VtOuTQcBJaGyAMSsOEYYNXZbGznFKaNNCB6ErX3ZfMsKu1kQnKC2WPgGYVU0aTxo22i-yHFWClNVapuoRbIDsIwSXyr4kNRJl8d5c3v-4qqQ2sFtRcT9VEtblOLckPm9uET8EnnL-idDlEVjRruXMRd5BLQzIy1dkWuiS8uUCjdyZWCEmHeJy7KH20HNoAHAt2_sS4oCJPd7XDNGHnbHCf3vHjO09HIYXFIQ5rMWkAFScSlzrf1W90x2nXSMr5lIydYxsxmv3w7-bP5w3EBUmKjroabaVPb_GnAlW81KeKYCBrDPWSVyC3JpDMoz6NywU81CDw9VoLnSXpaF8_B4eUfShniP3B9mNTDa8l3wkdJ_4O3HjYlHFMWWUTxE-EjwCslOMuomQ==&p=2&fvj=1&vjs=3
Data Scientist (Cricket),Pythia Sports,https://uk.indeed.com/pagead/clk?mo=r&ad=-6NYlbfkN0DPD0bt9JAdjOubXaOlasaA9cSAf68lccJAaPUaYP7D2edPLsDx0ar8XThu-7o1QUdMe1KZi_dg81JEou5LKPb33iSLV4MRRGZ4aO84UifyWCAIOU5Kfwknh0RzxoVcVfqSC0eQ2liYGG6k0wHFJ1XQ8sz75MgtTvsTKA9KO269O0WDu5r66sKUVGVOIIx0kOs-BU9L0r7p5JM5uMlhhLQLghaomjcZip_6IAJE5YwxqGP2kmsw11lR9ASMGFRzrMHylk5pakJB6pL6NoR3juVT62hBe6G90uzRzLrA08QfcDbTn9JEpdlIkLywkNqaGHZ90HYm_6_jV1AfBfyu46TUfR9CsHUNgSCb69cQ3ZGCcqjOSKxeKjefgb7rDbHB0XtsT-T-bAK_okUgRqt6RavNdy0jpfKvYPyY9Bp0r3LX0QchZgVponcjQcLU0TuJKBZZJ5cZujWv28o00DDSsNDCG5Ijo1B9V1CdCvws9diULg==&p=3&fvj=1&vjs=3
Data Scientist (Hybrid remote friendly),Imagine Communications,https://uk.indeed.com/company/Imagine-Communications/jobs/Data-Scientist-b5f1331522075497?fccid=403d4e7d25aedf69&vjs=3
Junior Data Scientist,KYMIRA,https://uk.indeed.com/rc/clk?jk=79055a25d8b5f403&fccid=e8c97c3630b3ac20&vjs=3
Data Scientist Intern,Samsung Electronics,https://uk.indeed.com/rc/clk?jk=fbe6613a6bcc4255&fccid=da3c7fed78dd1607&vjs=3
Data Scientist- Applied Data Science,causaLens,https://uk.indeed.com/pagead/clk?mo=r&ad=-6NYlbfkN0BJQ0-wQi4dHjzgsqvcxZH82SCA8r7y1wuipeHvXViMu82UVwI4SNIDxKFyn6Hzn18swTPd36hueY7FGQXYNL1ODDM07X5yT1NCRigFvRVwpeyCEVzAYStOqDa_YLK_YOra0SAGc2Vm7c_J133QKtLGQ4MYqQMo3uBf9rtYhvHnWwIqAteSeO0MSGPeEKGr67Z8jrj5WyjDKVVQqwhFQUDKCGYAP3tF4D4hPsGsxHFd-wRErst0FvMbIgfwQhIpbYo_Nt7dzS7gNeUs7m3wmTURvjkU_c4A5tGm0HBf2WtvkzUAINd-2Md2X_cLBKVj1t05zBEqv-CfUmWkppsP8iH8N_gRJ9aqyg3_bT5ixOhf8izZzOQ5eYzhk_fDVGFSotZqpsYIGTG_-p1MQgoYScTLS6YFhzwr5tjpyhIso8iOOaQIRWOA85ZllOgnV-BI8BKdnKUfqeiyv2N6h9Kq6Bssrdg-eTIlZrkVvfySAEp_VlI2TijGKzUKirqV0L9MV3I=&p=7&fvj=1&vjs=3
Data Scientist | Remote,Reqiva Ltd,https://uk.indeed.com/rc/clk?jk=ddbbaea1e2a1e109&fccid=946fa3ef2e6daa21&vjs=3
Junior Data Scientist,Barclays,https://uk.indeed.com/rc/clk?jk=1227143add4ccb0f&fccid=057abf3fd357e717&vjs=3
Cheminformatics Data Scientist,​​The Cambridge Crystallographic Data Centre,https://uk.indeed.com/rc/clk?jk=29e0417b221a1ea2&fccid=d974517688ffe1c2&vjs=3
Data Scientist,KYMIRA,https://uk.indeed.com/rc/clk?jk=5b6fa479a0bde2fd&fccid=e8c97c3630b3ac20&vjs=3
Data Scientist,Burberry,https://uk.indeed.com/rc/clk?jk=5573e1b6447a8af6&fccid=396f5ba534ee585d&vjs=3
"Data Scientist, Marketing",Google,https://uk.indeed.com/rc/clk?jk=1c99d10a529a5b5d&fccid=a5b4499d9e91a5c6&vjs=3
Data Scientist,The Open University UK,https://uk.indeed.com/rc/clk?jk=243b63f651a3a078&fccid=f97e46d2424385fa&vjs=3
Data Scientist - Social Media - Remote,Data Idols,https://uk.indeed.com/rc/clk?jk=c7448faabc307215&fccid=19d1d48be8ab494a&vjs=3
Junior Data Scientist,Kwalee,https://uk.indeed.com/rc/clk?jk=6d3f07e5f165cbbe&fccid=069a96b26806555a&vjs=3
Data Scientist,Data Idols,https://uk.indeed.com/rc/clk?jk=00d4d3252a0d0df1&fccid=19d1d48be8ab494a&vjs=3
"Senior Data Scientist, Personal Banking",Monzo,https://uk.indeed.com/rc/clk?jk=b4e724c9d45bb6d7&fccid=73da13d58dc1080c&vjs=3
Data Scientist - Manager,PwC,https://uk.indeed.com/rc/clk?jk=b2ae1be9eb74191f&fccid=5e964c4afc56b180&vjs=3
Data Scientist,Uniting People,https://uk.indeed.com/company/Uniting-People/jobs/Data-Scientist-17d11b60a2c6fc24?fccid=aef988f1dea8681c&vjs=3
Data Scientist – NLP / Semantic Modelling / Lexical Analysis,Shift F5,https://uk.indeed.com/rc/clk?jk=82dba919689a81e9&fccid=51cdf18e3e4b5a5a&vjs=3
JUNIOR DATA SCIENTIST/ANALYST - 1 YEAR UNIVERSITY...,Medialab,https://uk.indeed.com/rc/clk?jk=c08acb0458a90fe8&fccid=4f2893bccebbf347&vjs=3
Data Scientist,Intel,https://uk.indeed.com/rc/clk?jk=bbf82a8e74c02334&fccid=936367796261bd6e&vjs=3
Research Data Scientist,Barts Health NHS Trust,https://uk.indeed.com/rc/clk?jk=ac50bf6a2e44a8b1&fccid=7691ebb71b24124c&vjs=3
Intern/ Oil Data scientist,Statkraft,https://uk.indeed.com/rc/clk?jk=b5ad1d1fae29751e&fccid=40a74c5136c4b33d&vjs=3
Customer Analytics Data Scientist Senior Associate,PwC,https://uk.indeed.com/rc/clk?jk=a3ddc555c853cd57&fccid=5e964c4afc56b180&vjs=3
Data Scientist,MARS,https://uk.indeed.com/rc/clk?jk=9d358c1b0acc9073&fccid=6f49e88f14c18b75&vjs=3
Data Scientist,Octopus Energy,https://uk.indeed.com/rc/clk?jk=1be85a8b3f3d466d&fccid=94f2a41501d80d3d&vjs=3
"Data Scientist, Financial Crime",Monzo,https://uk.indeed.com/rc/clk?jk=c91be41078a88731&fccid=73da13d58dc1080c&vjs=3
Data Scientist,Mention Me,https://uk.indeed.com/company/MentionMe/jobs/Data-Scientist-91c98c50853657dc?fccid=5c4ba8bbf0a75a3b&vjs=3
Genomic Data Scientist - Diverse Data/Population Genomics,Genomics England,https://uk.indeed.com/rc/clk?jk=9418a246cfced443&fccid=2c9f16151cc689de&vjs=3
Data Science Degree Apprenticeship Level 6,Government Statistical Service,https://uk.indeed.com/rc/clk?jk=cb909affedc52384&fccid=dae1bd9f8c3a7983&vjs=3
Senior Data Scientist,oxfordbiom,https://uk.indeed.com/company/oxfordbiom/jobs/Senior-Data-Scientist-911ca7f565233959?fccid=0dc169ce815961ae&vjs=3
DATA SCIENTIST,Intec Select,https://uk.indeed.com/rc/clk?jk=68003434b13f48ab&fccid=1845b845b5c5b66e&vjs=3
"Customer Analytics Data Scientist, Manager",PwC,https://uk.indeed.com/rc/clk?jk=c0fdec34a227cef5&fccid=5e964c4afc56b180&vjs=3
Junior Data Scientist,MarketCast,https://uk.indeed.com/rc/clk?jk=6e7e69fb0e0584ce&fccid=ea7bc0cfa9688f3d&vjs=3
Associate Data Scientists,Instem,https://uk.indeed.com/rc/clk?jk=5a3909a59f4ffe10&fccid=c6c157835add6826&vjs=3
Contract Data Scientist - NLP,Talenting,https://uk.indeed.com/rc/clk?jk=81fa085584b780c0&fccid=3b93fef79b0b7b69&vjs=3
Data Scientist,Kwalee,https://uk.indeed.com/rc/clk?jk=c0d5f5d4aa7c7512&fccid=069a96b26806555a&vjs=3
"Consultant, Data Scientist, HealthTech Products Hub, SAMA, C...",Deloitte,https://uk.indeed.com/rc/clk?jk=8ce74f9367afda81&fccid=9e215d88a6b33622&vjs=3
"Data Scientist, Climate",NatWest Group,https://uk.indeed.com/rc/clk?jk=ea5d78b68c959100&fccid=4a3a2b1eb3ec0691&vjs=3
Data Scientist,Axa,https://uk.indeed.com/rc/clk?jk=ba12721abd204bdb&fccid=0af2461c02cb44e2&vjs=3
Data Scientist,Everflow Water,https://uk.indeed.com/company/Everflow-Water/jobs/Data-Scientist-200b2c431af1e98f?fccid=a66f61de9346741c&vjs=3
Genome Analyst / Data Scientist,Genomics England,https://uk.indeed.com/rc/clk?jk=de911f62e7fb6d91&fccid=2c9f16151cc689de&vjs=3
Junior Data Scientist,ASDA,https://uk.indeed.com/rc/clk?jk=74cda91d0406861e&fccid=a23ad4a5b3d8fc8f&vjs=3
Data Scientist,Samsung Electronics,https://uk.indeed.com/rc/clk?jk=bf1b30ad6c85da78&fccid=da3c7fed78dd1607&vjs=3
Junior Data Scientist,Department for Education,https://uk.indeed.com/rc/clk?jk=d1fd3908080f5e32&fccid=cbda7e147ac9461f&vjs=3
Data Science Engineer/Scientist/Analyst,Banana-Apps,https://uk.indeed.com/rc/clk?jk=8561f8aaa5661887&fccid=42dddcd4acf47909&vjs=3
Graduate Data Scientist,THG,https://uk.indeed.com/rc/clk?jk=5ab88ea54a966581&fccid=64c76e512365bea7&vjs=3
"Data Scientist, INRIX, Manchester (Office & Home Working)",INRIX,https://uk.indeed.com/company/Inrix/jobs/Data-Scientist-a428ada1bdddc756?fccid=98fc8bcbe195e2c4&vjs=3
Data Scientist,BCA,https://uk.indeed.com/rc/clk?jk=cabc746eebfbff04&fccid=d7b9719624a3ced4&vjs=3
Data Scientist,Invesco,https://uk.indeed.com/rc/clk?jk=f95129568cd5a19d&fccid=61e847dda35dc377&vjs=3
Bioscience Data Scientist,Syngenta,https://uk.indeed.com/rc/clk?jk=b2e9096266ae3c5c&fccid=212d266bb52619f8&vjs=3
Data Scientist,Adarga,https://uk.indeed.com/rc/clk?jk=3c8b67505a8f5650&fccid=6aa2ae7642499963&vjs=3
Data Scientist,Pollinate International Ltd.,https://uk.indeed.com/company/Just.Be/jobs/Data-Scientist-46f93490e1566a51?fccid=f5e56953d86cea57&vjs=3
Senior AI Data Scientist - Fully remote,Exo-metrics,https://uk.indeed.com/company/Exo--metrics/jobs/Senior-Ai-Data-Scientist-f04abb09a28eafc7?fccid=0ad1332721619315&vjs=3
Data Scientist - Returnship Program,Amazon UK Services Ltd.,https://uk.indeed.com/rc/clk?jk=4b91fb225034dbcd&fccid=fe2d21eef233e94a&vjs=3
Data Scientist,TikTok,https://uk.indeed.com/rc/clk?jk=50c814964f5bc47d&fccid=caed318a9335aac0&vjs=3
Associate Data Scientist,Royal London Group,https://uk.indeed.com/rc/clk?jk=8d2b3dfa18198004&fccid=82b36fbced210c28&vjs=3
"Transport Data Scientist, real world logistic analysis",Expert Employment,https://uk.indeed.com/rc/clk?jk=7261f59e00c43883&fccid=38a7085c8a5f673e&vjs=3
Data Scientist IBM CIC,IBM,https://uk.indeed.com/rc/clk?jk=a16aa3bb0f19922a&fccid=de71a49b535e21cb&vjs=3
Scuderia AlphaTauri - Data Scientist,Red Bull,https://uk.indeed.com/rc/clk?jk=bc4ba6a5bcbd4e1d&fccid=8ea54e852901f8b5&vjs=3
Data Scientist,Barclays,https://uk.indeed.com/rc/clk?jk=f8122a469926c3eb&fccid=057abf3fd357e717&vjs=3
Data science intern '22,Heineken,https://uk.indeed.com/rc/clk?jk=14f546962b8b0d0f&fccid=9d3fc2c7bbc80ecb&vjs=3
Data Scientist,GSK,https://uk.indeed.com/rc/clk?jk=2115e7f4c0edb215&fccid=4e42ec53f4b93e02&vjs=3
Data Scientist,Ralph Lauren,https://uk.indeed.com/rc/clk?jk=841461e2b3d8b311&fccid=535de7c767791408&vjs=3
Data Scientist,Wejo,https://uk.indeed.com/rc/clk?jk=d09e73bf1cefd3c5&fccid=8511f52a844af948&vjs=3
Analytics & Data Science Opportunities,TransUnion,https://uk.indeed.com/rc/clk?jk=1a08d93a43ccc452&fccid=663ece44ae074b32&vjs=3
"Data Scientist, Growth Analytics",Spotify,https://uk.indeed.com/rc/clk?jk=cbf6981527d0b650&fccid=fe404d18bb9eef1e&vjs=3
"Data Scientist, Causal Inference",Deliveroo,https://uk.indeed.com/rc/clk?jk=4f28b781d13b85e5&fccid=1d79a4290fb70d8e&vjs=3
Data Scientist (Power BI Developer),Medicines and Healthcare Products Regulatory...,https://uk.indeed.com/rc/clk?jk=af154e342134c0dc&fccid=94b34ba2ba0627ec&vjs=3
Junior Data Scientist,Echobox,https://uk.indeed.com/rc/clk?jk=80ba1147518747d1&fccid=31841269d7b4c0db&vjs=3
Graduate Data Scientist - Analytics (Sep 2022),Funding Circle UK,https://uk.indeed.com/rc/clk?jk=3cdc735c12c5b93e&fccid=6430a9a136019841&vjs=3
NLP Data Scientist,Propel,https://uk.indeed.com/rc/clk?jk=dd25da005b45f21d&fccid=bfd62d072447f458&vjs=3
NLP Data Scientist,Propel,https://uk.indeed.com/rc/clk?jk=dd25da005b45f21d&fccid=bfd62d072447f458&vjs=3
Data Scientist,N Consulting Ltd,https://uk.indeed.com/company/N-Consulting-Ltd/jobs/Data-Scientist-59ecb1c04e3a0021?fccid=25a76fa7209b76d6&vjs=3
Media Data Scientist,Merkle,https://uk.indeed.com/rc/clk?jk=4903719848004167&fccid=9de52fa9ca5b17cd&vjs=3
Data Scientist (with Turing Talent Leadership Program),Turing Talent,https://uk.indeed.com/company/Turing-Talent/jobs/Data-Scientist-4b4a8c3558f228b4?fccid=62ea0490eeb7ef2f&vjs=3
Applied Data Scientist,Intent HQ,https://uk.indeed.com/rc/clk?jk=dad76505c9899a71&fccid=10cfd8368088acd6&vjs=3
Data Scientist - suit recent PhD (London based with remote w...,Talenting,https://uk.indeed.com/rc/clk?jk=e7d30ae416f248ca&fccid=3b93fef79b0b7b69&vjs=3
Data Scientist,Humn.ai,https://uk.indeed.com/rc/clk?jk=131bba04d2fbd2a2&fccid=46cf62a5c5884977&vjs=3
Graduate Programmer **Data Science**,Amadeus Software,https://uk.indeed.com/company/Amadeus-Software/jobs/Graduate-Programmer-Data-Science-7b9019baac321e56?fccid=23236e9db1d77731&vjs=3
Senior Data Scientist,Novai Ltd,https://uk.indeed.com/company/Novai-Ltd/jobs/Senior-Data-Scientist-83855d2cfe051279?fccid=70bf4917d1761518&vjs=3
Graduate Data Scientist/ Engineer,South West Water,https://uk.indeed.com/rc/clk?jk=ae8b3eddbae269a8&fccid=ff7ec60c4c3ad3d3&vjs=3
Data Scientist,Lytt,https://uk.indeed.com/rc/clk?jk=1173cc07a43de12b&fccid=ea71c21119e00d29&vjs=3
Senior Data Scientist,Monzo,https://uk.indeed.com/rc/clk?jk=da50f0200ebf2a82&fccid=73da13d58dc1080c&vjs=3
Data Scientist,Cubica,https://uk.indeed.com/rc/clk?jk=291e9998ed58de18&fccid=71b1c28c2389ce7e&vjs=3
Data Science Internship,European Student Placement Agency (ESPA),https://uk.indeed.com/rc/clk?jk=b44f1cb5bb2fd5a6&fccid=4d45cd86e15de304&vjs=3
Data Scientist,Marks & Spencer,https://uk.indeed.com/rc/clk?jk=07259c266cc0a2ca&fccid=9349cb4eea770eba&vjs=3
Data Science Internship,European Student Placement Agency (ESPA),https://uk.indeed.com/rc/clk?jk=b44f1cb5bb2fd5a6&fccid=4d45cd86e15de304&vjs=3
Data Scientist,Marks & Spencer,https://uk.indeed.com/rc/clk?jk=07259c266cc0a2ca&fccid=9349cb4eea770eba&vjs=3
Data Scientist,ClearScore,https://uk.indeed.com/company/ClearScore/jobs/Data-Scientist-e91f2df321c83e22?fccid=95e4badfbb6a7a37&vjs=3
Graduate Data Scientist,Admiral,https://uk.indeed.com/rc/clk?jk=295dd432199a8abf&fccid=c08e3f14d662230d&vjs=3
Sports Performance Data Scientist,777 Partners,https://uk.indeed.com/rc/clk?jk=7ba5d88e0c23343f&fccid=507c7a08b38f4720&vjs=3
"Data Science, Apprentice (Level 4)",Meta,https://uk.indeed.com/rc/clk?jk=308b553952340ced&fccid=ba07516c418dda52&vjs=3
Junior Data Scientist / Analyst,EDF Trading,https://uk.indeed.com/rc/clk?jk=a34a0d8a39ed7629&fccid=58152dfd392ac25d&vjs=3
"Data Scientist, Reliability Analytics",Google,https://uk.indeed.com/rc/clk?jk=2253bbc949991f63&fccid=a5b4499d9e91a5c6&vjs=3
"Senior Data Scientist, Payments",Monzo,https://uk.indeed.com/rc/clk?jk=c48b21af3c226bcc&fccid=73da13d58dc1080c&vjs=3
Data Scientist,Acquired.com,https://uk.indeed.com/rc/clk?jk=6f3fa3e2e542a275&fccid=59fff85d20e805cb&vjs=3
Graduate Data Scientist,Newcastle Building Society,https://uk.indeed.com/rc/clk?jk=d608f3119037c922&fccid=9b6c6502643defb4&vjs=3
Data Scientist,Agility on Demand,https://uk.indeed.com/company/Agility-on-Demand/jobs/Data-Scientist-a3ceba2c4b3b69ec?fccid=5255fcbfe159a20b&vjs=3
Junior Data Scientist - Merchandising,JD,https://uk.indeed.com/rc/clk?jk=5a18549bede1ef2c&fccid=771066a9255d9186&vjs=3
Data Scientist,Intent HQ,https://uk.indeed.com/rc/clk?jk=715e54af46249c88&fccid=10cfd8368088acd6&vjs=3
Data Scientist - Product - AI,Propel,https://uk.indeed.com/rc/clk?jk=5aa0b5ac7db88ea6&fccid=bfd62d072447f458&vjs=3
Field Data Scientist I / Junior Field Data Scientist,ThinkData Works,https://uk.indeed.com/rc/clk?jk=ee1ec482caa48a69&fccid=cc0861c00ab24001&vjs=3
Data Scientist - UK,MOLOCO,https://uk.indeed.com/rc/clk?jk=87b1c0ef5735bc2c&fccid=27317bcae2b26fe5&vjs=3
"Data Scientist, Economist",Deliveroo,https://uk.indeed.com/rc/clk?jk=fcf740145428744d&fccid=1d79a4290fb70d8e&vjs=3
NLP Data Scientist,Citi,https://uk.indeed.com/rc/clk?jk=1ca8a7e8c73212bc&fccid=5bcd1ef0a7f4fb99&vjs=3
Data Scientist - Ecommerce,Ocado Group,https://uk.indeed.com/rc/clk?jk=d09a9a606b91f428&fccid=dde460449ad6f8d7&vjs=3
Data Scientist – training provided!,Salt Recruitment,https://uk.indeed.com/rc/clk?jk=49df78dbf1a65e10&fccid=d35f6b081e467c24&vjs=3
Data Scientist,Nesta,https://uk.indeed.com/rc/clk?jk=9e51dbc0888ee14c&fccid=24c687504f541113&vjs=3
Data Analyst,Yell,https://uk.indeed.com/company/Yell/jobs/Data-Analyst-17a89a37d99da9ab?fccid=3b2c7943f304cd69&vjs=3
Data Scientist (Deep Research) Intern,WorldQuant,https://uk.indeed.com/rc/clk?jk=64d03d45c340a4a2&fccid=08487f979320ebae&vjs=3
Data Analyst Apprenticeship – Data Science Programme,Aviva,https://uk.indeed.com/company/Aviva/jobs/Data-Analyst-Apprenticeship-Data-Science-Programme-f546a66a4423a18e?fccid=354f4c12e3c6bd5a&vjs=3
Network Data Scientist,Sky,https://uk.indeed.com/rc/clk?jk=e04d71c1a5b9b157&fccid=288ce4c9ce99f179&vjs=3
Senior Data Scientist,"JPMorgan Chase Bank, N.A.",https://uk.indeed.com/rc/clk?jk=dc42683cf333b656&fccid=aaf3b433897ea465&vjs=3
Data Scientist,Alder Hey Children's NHS Foundation Trust,https://uk.indeed.com/rc/clk?jk=00031de418bb21b6&fccid=7691ebb71b24124c&vjs=3
Data Scientist,TMF Group,https://uk.indeed.com/rc/clk?jk=f19a8b889f47baea&fccid=407208a60bfc4c49&vjs=3
"Senior Data Scientist, Operations",Monzo,https://uk.indeed.com/rc/clk?jk=55abe019c7ae861d&fccid=73da13d58dc1080c&vjs=3
Data Scientist,Brady Technologies,https://uk.indeed.com/rc/clk?jk=6fc7a64c8470ebf6&fccid=d08296caad8673d1&vjs=3
Lead Data Scientist,"Office for Standards in Education, Children's...",https://uk.indeed.com/rc/clk?jk=0c46b2f498c2650d&fccid=acd83618f0c633f7&vjs=3
"Research Scientist in Machine Learning, Personalization",Spotify,https://uk.indeed.com/rc/clk?jk=99ab79373ec23665&fccid=fe404d18bb9eef1e&vjs=3
Applied Data Scientist,dunnhumby,https://uk.indeed.com/rc/clk?jk=e9bb5efca9a2c737&fccid=36801496409e6dc9&vjs=3
"ESG Data Scientist, Sustainable Fitch",Fitch Group,https://uk.indeed.com/rc/clk?jk=10bbc1107ca4f8fb&fccid=bf74a6484e835a99&vjs=3
Clinical Data Scientist,Zimmer Biomet,https://uk.indeed.com/rc/clk?jk=0acf79df4a49dc4f&fccid=04c0874d52fb093c&vjs=3
Research Data Scientist,Metrica Recruitment,https://uk.indeed.com/pagead/clk?mo=r&ad=-6NYlbfkN0B4I0z8Vg4C22bXJk453pUE2nnLCUOyY_R-ihB16RDW65dAXO9w17QY8SOm2HP94Hrd7kSxCxLgF_3MMrAIzhIla9alAsmHQDctFaxCaYASBVmfNYZr1yC4eliA4b08xy9C9wFLhQdFGAgj5I9Bh3r_Fthb-yFcA4uNnlTtoP6Vq3FEt37bJNY5P1AzdtLUz1xgVdIFFsCU6e0-yQtKYQVyQg3ZmLVibsqFdhVolm-pjVrl93QQ4LMlKruJwg82PUwMCwanC9EulZ0M8XY4o0JrPDL7TFvtbucnf9Q7caPrcLvRmhIEDdEnvwiXJwZ8NT1JMJXfceHCioA5STPv6JwP1vzNoePvd6B9zLUSz9XvMAdzpuIp-dxwPDYmTv-LD2aGhTHerO3-NGPXXilV9UlziCgB6M4I9BCzWn6ZX1Y7oTGQeXhuV6CSc1n8ECLoEVxapSttTlHznpArE_yflPH-5-fxGPNbuz5b4Pe6afHgM7ERGyKMQUontxglH2xyLF-gPLApSXgI-xpvG-lyaA_mwUX_M89UqmjsbEchVgevuCtwj2dYTq0uqii0Eyn5KRWJXXy5U6FCO7nxjzRC5vISM0MEehF1TLGPIAEGZh0PUZjThuI8P8_XuCXkB2c9y8zrtIvI6VJiKwUnmgZw7iWGllewy6YWOSTgedpjHGQ9qg0Yk7gj6YS54tjXnqvRlOw=&p=6&fvj=0&vjs=3
Commercial Card Data Science Consultant,Visa,https://uk.indeed.com/rc/clk?jk=81a0d0b727d14341&fccid=a3f737e511d9fc8c&vjs=3
Data Scientist - (London),Echobox,https://uk.indeed.com/rc/clk?jk=33afc3784ddf10e4&fccid=31841269d7b4c0db&vjs=3
Data Scientist,Ayasdi,https://uk.indeed.com/rc/clk?jk=a75621c105cbba08&fccid=64cffe395a99ee45&vjs=3
"Data Scientist, Product",Facebook App,https://uk.indeed.com/rc/clk?jk=85dad98955fea8db&fccid=ba07516c418dda52&vjs=3
Junior Data Scientist,Dataworks,https://uk.indeed.com/company/Dataworks/jobs/Junior-Data-Scientist-c302f24198863948?fccid=309cb047342d324b&vjs=3
Data Scientist,ARENKO GROUP,https://uk.indeed.com/rc/clk?jk=7825930625cf0b14&fccid=1634e2d08f7c638e&vjs=3
Data Scientist,KPMG,https://uk.indeed.com/rc/clk?jk=a3156543aea30ca7&fccid=2dd390c3a48a7ed0&vjs=3
Data Analytics - Analyst,KPMG,https://uk.indeed.com/rc/clk?jk=e050606481ebdc92&fccid=2dd390c3a48a7ed0&vjs=3
Data Scientist,Sky,https://uk.indeed.com/rc/clk?jk=eb4d27a7d4d3ca46&fccid=288ce4c9ce99f179&vjs=3
Data Scientist,PGSM Consulting,https://uk.indeed.com/rc/clk?jk=0be48bb6a7ec051c&fccid=2f9ec83ca1f1ff89&vjs=3
Junior Machine Learning Engineer,Vaarst,https://uk.indeed.com/rc/clk?jk=65b4a4d2b343c6b6&fccid=76fc6fd2eeb8bb8a&vjs=3
Pricing Data Scientist,By Miles,https://uk.indeed.com/rc/clk?jk=31bae1e050b2c6bb&fccid=6853936a69c6459d&vjs=3
Research Data Scientist,Metrica Recruitment,https://uk.indeed.com/pagead/clk?mo=r&ad=-6NYlbfkN0B4I0z8Vg4C22bXJk453pUE2nnLCUOyY_R-ihB16RDW65dAXO9w17QY8SOm2HP94Hrd7kSxCxLgF_3MMrAIzhIla9alAsmHQDctFaxCaYASBVmfNYZr1yC4eliA4b08xy9C9wFLhQdFGAgj5I9Bh3r_Fthb-yFcA4vWcF-S1WZOpylglVE-xv-8iKmslMhbEBXwWT4tHkOga8kEwBKbCljvu7U0YDH1MmD478o_wCsYx_h-kv34f5qYa1Zq1rQnw04NdAVJrnncFn2N6ALpbcJtbb1ro7aMk5oi7mWUG6Vvg4Q6jJwnd2Yo8wPBZXUpiN5-lZFT9KtsinUjfU7aAm1D_9qsP1CHsa6Ptv-Cgza_3oijZlgCQuw5gV6xKaGD82dMREUQUgBBVkvQCHKHHPF1vUC_5cFIE103KrXUHNFn8o5cU2ei0ThPbR0UXgdRyLiQysFw2L1VrZphzwMI_16KgJ3_M-8CW4BoIKL5mG9ks0Tiff6GHu09Qpwq7SIh2GW6ehkyNO-AT8ftwSrdgDu3SIGra-N5wgAuESurQjTmOSqBlAV8hzHlcOyaQtMPx4OJprTJG1UAyOGMkZ1gqKxg_ZA5DgLNACUqWwmZfeWPCNT1C4hUH0s0bLBZzAzN7HLfR032q-hag5HgiZWphDjXWpswoMxtwTST7gD5vxMfMSzWcQc0wlYFlP53DJ0cfzk=&p=4&fvj=0&vjs=3
"Data Scientist, Growth",Spotify,https://uk.indeed.com/rc/clk?jk=654f93416082e10f&fccid=fe404d18bb9eef1e&vjs=3
Investigative Analytics Data Scientist (Deals Insights & Ana...,PwC,https://uk.indeed.com/rc/clk?jk=3f80134b6846fc0c&fccid=5e964c4afc56b180&vjs=3
Data Scientist,Zilliant,https://uk.indeed.com/rc/clk?jk=fd59d828e60f4769&fccid=a4ef73f14c8cec6f&vjs=3
Associate Data Scientist,Department for Work and Pensions,https://uk.indeed.com/rc/clk?jk=a3003153c32f1197&fccid=bde86870b61ac61d&vjs=3
"Data Scientist, Deloitte Ventures, Tax, London",Deloitte,https://uk.indeed.com/rc/clk?jk=b7e161814b3f144b&fccid=9e215d88a6b33622&vjs=3
Data Scientist,YOOX NET-A-PORTER GROUP,https://uk.indeed.com/rc/clk?jk=7ee3a3b96d5f8e12&fccid=6e26b42cbf176bca&vjs=3
DATA scientist & AI Expert,Airbus,https://uk.indeed.com/rc/clk?jk=cad403d0fece7676&fccid=2d0740e02e80cf22&vjs=3
Staff Data Scientist,Intercom,https://uk.indeed.com/rc/clk?jk=54d61819797fe957&fccid=6f9ac7cf38e2c8c0&vjs=3
Data Scientist (Organic Growth),Kwalee,https://uk.indeed.com/rc/clk?jk=77016b918975fdab&fccid=069a96b26806555a&vjs=3
Data Scientist,IRI UK,https://uk.indeed.com/company/IRI-UK/jobs/Data-Scientist-2597d37157159c5d?fccid=a3d08f77a0cd23bb&vjs=3
"Manager, Lead Data Scientist, HealthTech Products Hub, SAMA,...",Deloitte,https://uk.indeed.com/rc/clk?jk=ea2ee38cb94991c7&fccid=9e215d88a6b33622&vjs=3
Data Scientist (Healthcare/Medical Data),Hollister Incorporated,https://uk.indeed.com/rc/clk?jk=dbdac76cdffe36a3&fccid=d13811f0a872a4e6&vjs=3
Internship opportunities: Health Intelligence - Machine Lear...,Microsoft,https://uk.indeed.com/rc/clk?jk=aad8ce79a16e8910&fccid=734cb5a01ee60f80&vjs=3
Data Scientist / Data Analytics Statistician,Lubrizol,https://uk.indeed.com/rc/clk?jk=ccbf3a3adf68be80&fccid=a6ecb44bea23e5cd&vjs=3
Data Scientist – Fully Remote,Shift F5,https://uk.indeed.com/rc/clk?jk=921deb009ca5786a&fccid=51cdf18e3e4b5a5a&vjs=3
Senior Data Scientist,South East Coast Ambulance Service NHS Foundation...,https://uk.indeed.com/rc/clk?jk=5e70d9d99449be01&fccid=7691ebb71b24124c&vjs=3
Research Data Scientist,Metrica Recruitment,https://uk.indeed.com/pagead/clk?mo=r&ad=-6NYlbfkN0B4I0z8Vg4C22bXJk453pUE2nnLCUOyY_R-ihB16RDW65dAXO9w17QY8SOm2HP94Hrd7kSxCxLgF_3MMrAIzhIla9alAsmHQDctFaxCaYASBVmfNYZr1yC4eliA4b08xy9C9wFLhQdFGAgj5I9Bh3r_Fthb-yFcA4vZrTQ0bieaGWlQDYkvx-1ZWy6XWvmGK7bnKZeUBYaFcryfqR9dJlkXFIvrLn4_V2krKy05G3i_uiU_Bh_XfdMCWHP33xPw8Heb6xTpP77wqjsV0fsYJ1vJJikQO8Nw3vu5nI8yxbGj8ObfMfwXPV9ovnxQ0Fd62xOSBsB-us_QyqCiDT_LATbzfcuETCBmQGhlm2UE5GeWt1gbzBIoRfeCAietswJAsNdKaTXnMMHg7k_KrlvJ3I0sw2nsFJUiqnhAAAuOK1oyL7QsviIiYEkY-ciL2S4oK_HmQOWXxvHY-HmwEZAAo1tzz2EP2fwHjbhpiCccKH7YpTna_hX1u-JDD3W9QWUuhHvPTt3x1A0dK2Evo1E9f4XEeNcW97Me9L69q4YeZR5xap4cVeaEOQ9u5JDNyOr3dd3Ru7WAcn8DPYZHVh7GwxouaeA-z37U8YQxHAJ3dV4RnwJy5Ca8l8Kz2bJNQwe_-dwZokq9nX_zLvnOBJgFbraDU4XIwnw6nb76aITumZ3AY7YIWvh36iRv6kUN5hp4fW8=&p=6&fvj=0&vjs=3
Data Scientist,Somerset Bridge Group,https://uk.indeed.com/rc/clk?jk=c9039797643ba1a8&fccid=dcf770126ed58a1f&vjs=3
Data Scientist,CFMS Services Ltd,https://uk.indeed.com/company/CFMS-Services-Ltd/jobs/Data-Scientist-9d32e3b5d2140a11?fccid=92ec43e172886cc7&vjs=3
Data Scientist,Circle,https://uk.indeed.com/rc/clk?jk=63541bd2e3fb5953&fccid=4ad12104a44e9eb6&vjs=3
Data Scientist,Alexander Mann Solutions for Public Sector...,https://uk.indeed.com/company/Crown-Commercial-Service/jobs/Data-Scientist-9224efd265e5d320?fccid=027f5dd490f6d334&vjs=3
Data Scientist,Halfords,https://uk.indeed.com/rc/clk?jk=7a45d72d4bfe629c&fccid=0b8ac05c7cda03b4&vjs=3
Data Scientist,Deep Planet,https://uk.indeed.com/rc/clk?jk=19a73e971e9021fe&fccid=cec9da8012e95836&vjs=3
"Senior Data Scientist, Monzo Flex",Monzo,https://uk.indeed.com/rc/clk?jk=026a946613be0a47&fccid=73da13d58dc1080c&vjs=3
DATA SCIENTIST,Bangura Solutions,https://uk.indeed.com/rc/clk?jk=a494f317368833e9&fccid=f53fad3b59883186&vjs=3
Knowledge Data Scientist,Evotec,https://uk.indeed.com/rc/clk?jk=58db161a5a3ba0aa&fccid=0c9f6235d127268c&vjs=3
Data Scientist | S2 | CDO | London,Santander,https://uk.indeed.com/rc/clk?jk=a00ac96c79d3e360&fccid=e57a47a3d1d90e39&vjs=3
Data Scientist,Sainsburys,https://uk.indeed.com/rc/clk?jk=cf32212a9c2a82fe&fccid=9013fe46d330e874&vjs=3
"Data Science Manager, Personal Banking",Monzo,https://uk.indeed.com/rc/clk?jk=4e995b00d3fec6b7&fccid=73da13d58dc1080c&vjs=3
Data Scientist,Datacove,https://uk.indeed.com/company/Datacove/jobs/Data-Scientist-f6decd8a1592c1ed?fccid=5e29f07f26d22cd7&vjs=3
"Data Scientist II, Incrementality Analytics",Expedia.com,https://uk.indeed.com/rc/clk?jk=45e03072675580b5&fccid=160efb82f2462f14&vjs=3
Data Scientist,Faethm,https://uk.indeed.com/company/Faethm/jobs/Data-Scientist-e2e73ed08a8eee6e?fccid=63431d73911c4332&vjs=3
Research Data Scientist,Metrica Recruitment,https://uk.indeed.com/pagead/clk?mo=r&ad=-6NYlbfkN0B4I0z8Vg4C22bXJk453pUE2nnLCUOyY_R-ihB16RDW65dAXO9w17QY8SOm2HP94Hrd7kSxCxLgF_3MMrAIzhIla9alAsmHQDctFaxCaYASBVmfNYZr1yC4eliA4b08xy9C9wFLhQdFGAgj5I9Bh3r_Fthb-yFcA4sdtHU1jUBThgbW0HM7b4fwN01iiCBtn1USdq159H9_VujoNY7TX-MUvaO07mmYS4RK05aTFML6IZw50cOL3Xl-_zCi4_O8sFubk-1hsrkh7kuNVqxS3Sk7uRtbDri2iAHRonKPTEGzF2qCgfUDbT6oBDo6aA_3OLZIBqCj3KGRvI-2WarZgwGyMRgeOwgYayzd6PC19wBwk6zLJ6-IL7OZUbiQMqucy0Pgi8put3GTqGKo7aVp_Kf_C57jvbb_RUq7uhpCc7xd-WlbLKC_3ftzirRLEoWqU1eZdPkxAAPsVJHSlv1hOx8ntQQVvReWq0YJYyzto5vAL0P7uZKmfViCkLUlYLBJj1BHtof5wJKO8fbl3BcJAiUrjVi6dZRAwBFFps-0bdpj8fIPgK9UO0La6KkR-vshon44YklZr1ctUNnJmsk9jfgZJ9Og7O_8ELaxZExkj_yrZPeHepIaVGCS9XSFIRAV01neB5-jvDU2ZrotClHcfP1kmNSeGoCuwjQV-UDdeWM4NSUX-7lQBMthAKK-zwr7ZSg=&p=7&fvj=0&vjs=3
Data Scientist (Machine Learning Engineer),Infogrid,https://uk.indeed.com/rc/clk?jk=6a5b5cd3baf09c65&fccid=eeac62f2de6cd3fd&vjs=3
Data Scientist,Binance,https://uk.indeed.com/rc/clk?jk=ade7700e5a7449d2&fccid=ac2ee5578fa99fc9&vjs=3
Data Scientist / Data Analytics Statistician,Lubrizol Corporation,https://uk.indeed.com/rc/clk?jk=3381b20f01282917&fccid=a6ecb44bea23e5cd&vjs=3
Data Scientist,RNLI,https://uk.indeed.com/rc/clk?jk=982e5d5427ec30ac&fccid=a877b8243959d759&vjs=3
Data Scientist - London,Dataiku,https://uk.indeed.com/rc/clk?jk=b0e0123b63ab41ca&fccid=4640437a3109c91f&vjs=3
Data Scientist,Altruistiq,https://uk.indeed.com/rc/clk?jk=680ea9d4fb13f998&fccid=813ac6dfbd58839e&vjs=3
Research Data Scientist,Adarga,https://uk.indeed.com/rc/clk?jk=98a0cc5199db01fb&fccid=6aa2ae7642499963&vjs=3
Decision Scientist,Monzo,https://uk.indeed.com/rc/clk?jk=45cee764c577b237&fccid=73da13d58dc1080c&vjs=3
Lead Data Scientist - Digital Solutions,Johnson & Johnson,https://uk.indeed.com/rc/clk?jk=b4ceb244a40690b7&fccid=0bed8e17bc113980&vjs=3
Junior Data Scientist,kdr Recruitment,https://uk.indeed.com/rc/clk?jk=abb35c244d5c3379&fccid=66510c97e3970bde&vjs=3
Data Scientist,Opensignal,https://uk.indeed.com/company/OpenSignal/jobs/Data-Scientist-d14543fda493e016?fccid=90832202feb40ad9&vjs=3
Machine Learning Scientist,Deep Planet,https://uk.indeed.com/rc/clk?jk=07e92d803e554ba1&fccid=cec9da8012e95836&vjs=3
Junior Data Scientist - CRM Team,Novafutur,https://uk.indeed.com/rc/clk?jk=290b119ed8876491&fccid=d9cae5807f63d6ff&vjs=3
Lead Data Scientist,PwC,https://uk.indeed.com/rc/clk?jk=72a783191cbc4a97&fccid=5e964c4afc56b180&vjs=3
Research Data Scientist,Metrica Recruitment,https://uk.indeed.com/pagead/clk?mo=r&ad=-6NYlbfkN0B4I0z8Vg4C22bXJk453pUE2nnLCUOyY_R-ihB16RDW65dAXO9w17QY8SOm2HP94Hrd7kSxCxLgF_3MMrAIzhIla9alAsmHQDctFaxCaYASBVmfNYZr1yC4eliA4b08xy9C9wFLhQdFGAgj5I9Bh3r_Fthb-yFcA4vSDRo4ra6l4RTmbTdc2t37hlLFXVq2GBqpv7A4CWQlzDdGJRSQ87hbm_QY9Ig0MlGHr3iCMqcP840DqB_f6YyZiDmoPyDtS699UyFi5_qS6JY0VVPVL9hITvlmxPJsRBtKm77P6zx4skT-7riAlGshx_Lv5ZIXkUse3ddrOl-90xP7qURihQ05rVrb2D3nJTODm2x9gdYL4s4GRSk82Ux-LmXZ7WFkkovL5KizrV08nhQY7E9FP9d1qI-tsI4jRw3eFlmJ8K15Fl77RESSQ8an38LiJldbAN0BHiuQEZQoMYPa1vLF5oGV_T9BRbCCr15lm2R9zQg_Ez1p8HDS1fhRZo1_qc1JMiNcCKdsU94Drme6LUknLlycd_sfeN-vhCtZw5JD6nJE6hCc1hepeVFdMxlrMFNglCmNfi-hKiHgDFWz6gtihaRlHom2YNFBQN8xgw0T2M0k_FN-gQjYNDNxQamQ1EqLLunBI0oUPVthwhz5z_hmkAciIIZY_-o8gp5Sswd8-M5BH6emKCe-un6g0U3SopRvjJQ=&p=7&fvj=0&vjs=3
Research Fellow Data Scientist,University of Liverpool,https://uk.indeed.com/rc/clk?jk=dc7986d1a346853c&fccid=7fc0e8ffb1cc9590&vjs=3
"Senior Data Scientist, algorithm development",Expert Employment,https://uk.indeed.com/rc/clk?jk=686e3f4709cb09f5&fccid=38a7085c8a5f673e&vjs=3
Data Scientist,Frontier Economics - EXP hire - Economics with...,https://uk.indeed.com/rc/clk?jk=6db7f1c89db00660&fccid=dd616958bd9ddc12&vjs=3
Junior Data Scientist,Ashdown Group,https://uk.indeed.com/rc/clk?jk=67b06cc964b3985d&fccid=883eca69780bf159&vjs=3
Data Scientist,MasterCard,https://uk.indeed.com/rc/clk?jk=6066ac17b20a5a97&fccid=10b5c722d846df43&vjs=3
Real World Data Scientist,AstraZeneca,https://uk.indeed.com/rc/clk?jk=7ddce3f75d83d589&fccid=003656df63cede32&vjs=3
Data Engineer / Data Scientist,Nigel Frank International Limited,https://uk.indeed.com/rc/clk?jk=3a2e1687b88b763b&fccid=d50c573274bf1c1f&vjs=3
Data scientist,Kpler,https://uk.indeed.com/company/Kpler/jobs/Data-Scientist-2601e1155ad0fc03?fccid=21b555acd4f41aaa&vjs=3
Data Scientist,Simply Business,https://uk.indeed.com/rc/clk?jk=5b14192bc44796fb&fccid=2b1bb83992c288cf&vjs=3
Data Scientist,Loaf,https://uk.indeed.com/rc/clk?jk=db728d821be0e637&fccid=77571676aefb9d82&vjs=3
Data Scientist,"Nomura Holdings, Inc.",https://uk.indeed.com/rc/clk?jk=84597a5106c19040&fccid=74353ee3ba2a3337&vjs=3
Senior Python Developer required to join Data Science team,Expert Employment,https://uk.indeed.com/rc/clk?jk=9f2d562ed916179f&fccid=38a7085c8a5f673e&vjs=3
Data Science Manager,Burberry,https://uk.indeed.com/rc/clk?jk=4c8c71e5288f0fef&fccid=396f5ba534ee585d&vjs=3
Data Scientist,Tetra Pak,https://uk.indeed.com/rc/clk?jk=b1eb64daeaeac47d&fccid=705a30fae5ffadc9&vjs=3
Research Data Scientist,Metrica Recruitment,https://uk.indeed.com/pagead/clk?mo=r&ad=-6NYlbfkN0B4I0z8Vg4C22bXJk453pUE2nnLCUOyY_R-ihB16RDW65dAXO9w17QY8SOm2HP94Hrd7kSxCxLgF_3MMrAIzhIla9alAsmHQDctFaxCaYASBVmfNYZr1yC4eliA4b08xy9C9wFLhQdFGAgj5I9Bh3r_Fthb-yFcA4swY-pfKGZVThiql9RfAsTdn_1WZYjQqH4D5P2JWocOSgLzLlBw_xrxRgjn8HU5frH0RMhCn5hI4OgqQFjWYwLtx3nPXu29rP6EhKYHDdUVpAdDkslwPZbyGH64YV-zGurcC-_CCY2ILM6im2wnq0xDHYvly745cy-aZdpxyF0fL9YgAu5MlWa9CrQ9Dd2UdCoZwOLlZtrh8DqYP6oqr74ULnq3wv4-n73-yJ69kscHVM7L8S1O3QhfbKJkdhLIUcry0nwLFdLzzGVR78Sj76CHcST-a_1ZFEIFkyX3ntGNAAGu7exS5JjvB5AQxoIMaTxxzydGCT-LvOcM5hUP2Wyu1yPbepqk6XF9-sX50RzxVaYluckmr_sD6BuztT5LqVt7gCuc-btfsJGJsxmOlwaJs_Qn2eCybKmQIg6HoNLRdqbMwOvC3fkbvgSdVqRq4DlrQDPZ90KT3sWjQxjoyNfmOk85kWSuAGEQTZ2SkOT8HxtE768QL9qpmce7_dPrEej7oicbCfGVtLw9uI5i6Up4X2W6CFbh6_Y=&p=7&fvj=0&vjs=3
Graduate Data Scientist,Paylink Solutions,https://uk.indeed.com/rc/clk?jk=12df78063ecd7b01&fccid=a8e319f63f559f46&vjs=3
Data Scientist,Sopra Steria,https://uk.indeed.com/rc/clk?jk=c71b409614a7894e&fccid=3ba6d20cd884270b&vjs=3
Data Scientist,SmartEdge Solutions,https://uk.indeed.com/company/SmartEdge-Solutions/jobs/Data-Scientist-7d2078aa5cb0db82?fccid=81db7d6d01c4fd30&vjs=3
Director of Data Science,Monzo,https://uk.indeed.com/rc/clk?jk=1638acd352b11e96&fccid=73da13d58dc1080c&vjs=3
Lead Genomic Data Scientist - Cancer,Genomics England,https://uk.indeed.com/rc/clk?jk=3c600a1b2476533a&fccid=2c9f16151cc689de&vjs=3
Data Scientist,Whalar,https://uk.indeed.com/rc/clk?jk=b737c261ff443559&fccid=86ba8ba4a724a315&vjs=3
Data Scientist - Naimuri,QinetiQ,https://uk.indeed.com/rc/clk?jk=03d73361ba1952c6&fccid=a7c92d37815397cf&vjs=3
Senior Data Scientist (Manchester based with hybrid/remote w...,Talenting,https://uk.indeed.com/rc/clk?jk=eb5538117ce4e88f&fccid=3b93fef79b0b7b69&vjs=3
Senior Epidemiologist / Health Data Scientist (remote workin...,Momentum Data Ltd,https://uk.indeed.com/company/Momentum-Data-Ltd/jobs/Senior-Epidemiologist-28e308074d09c0f0?fccid=fa24b5f9a3cc6e84&vjs=3
Data Scientist,The British Institute of Recruiters,https://uk.indeed.com/company/Network-Health-&-Social-Care/jobs/Data-Scientist-3f67555fde34621d?fccid=ba3d17fdb5480c77&vjs=3
Strategy & Acceleration Data Scientist,Ford Motor Company,https://uk.indeed.com/rc/clk?jk=e89315e9c61fc589&fccid=761c44c17d636bfe&vjs=3
Data Scientist - Defence,BAE Systems Applied Intelligence,https://uk.indeed.com/rc/clk?jk=37168cbe56575a1b&fccid=33e11e8479be6683&vjs=3
Full Stack Data Scientist,Sensor Tower,https://uk.indeed.com/rc/clk?jk=2b8f69589df0c1d8&fccid=c659788ec6cc356e&vjs=3
AI Data Scientist,SAS Institute Inc,https://uk.indeed.com/rc/clk?jk=6b6539dc11457fd5&fccid=0288b34a02030660&vjs=3
Research Data Scientist,Metrica Recruitment,https://uk.indeed.com/pagead/clk?mo=r&ad=-6NYlbfkN0B4I0z8Vg4C22bXJk453pUE2nnLCUOyY_R-ihB16RDW65dAXO9w17QY8SOm2HP94Hrd7kSxCxLgF_3MMrAIzhIla9alAsmHQDctFaxCaYASBVmfNYZr1yC4eliA4b08xy9C9wFLhQdFGAgj5I9Bh3r_Fthb-yFcA4u4FjS1pdtl2ZHXn5erOZcY7qvL_7JkxKiIgtuW9Gf5xSVoQinrExjYW_Ht8q4q4DuREcLs_mayrtU-OFYboUl47iIIQX1OZqONoX3r7vE42Eyi00jxNYXwXfVTwsWd2pqmBnT3rYGWQh9ETnh5kc1aW7bKpJe4Ngshd2vQCmpnlP6yzuLMK9UiLIgvG-1sBri41zV-Cvcv1J7qtlZOHQ7ZETkUrZX8iM35cj4gl_jvdB6sdUrtfS5TVZghnYuvh0D45tw4atlktsx8fuptgfQWMSp-B-ey5cb7M9FvBw-MEju-zJccaCV2_SZGtt_g-Uf1unzKbSgjvZa9_o5rTJKqLT1g4ir-K8IGz2uaRD8jh8lafC6mqpg0HVWdxFTrvUXYqcL5aas97koMmnnAuengRWTau0F8u6KFYj48XFS4FgMLeN50NO4ajxuSFv0tG-v1xkLGoOT1203qx3o943tRmwqHyQ6mYrP0fXD_sektvy7tl_iehyTAyCs_j1-82r-svs_iLqbVFffV3cT0fZX0fNnNGEspL88=&p=7&fvj=0&vjs=3
Data Scientist Degree Apprenticeship 2022,Aiimi Ltd,https://uk.indeed.com/rc/clk?jk=aabd966819e5f7ed&fccid=39179ea39226a7a2&vjs=3
Data Scientist,ManyPets,https://uk.indeed.com/rc/clk?jk=78af2f94bfbf0eb5&fccid=230d7ac6c20e82fd&vjs=3
"Head of Data Science, CRM",Monzo,https://uk.indeed.com/rc/clk?jk=fb6bc77fc878b191&fccid=73da13d58dc1080c&vjs=3
Data Scientist / Software Developer,Tessella,https://uk.indeed.com/rc/clk?jk=a934743071e8a121&fccid=212af5778aa7175d&vjs=3
Data Scientist,more2,https://uk.indeed.com/rc/clk?jk=a231d5cc5e5bc00d&fccid=8437bbb59e8bf666&vjs=3
"Data Scientist, Ads Analytics",eBay Inc.,https://uk.indeed.com/rc/clk?jk=29325d46b662916e&fccid=ccf155b8e5eb4bf8&vjs=3
Data Scientist,Datasource,https://uk.indeed.com/rc/clk?jk=283c58d3c0a1e538&fccid=290ed65fe937e741&vjs=3
Data Scientist - Product - Tech Unicorn,Propel,https://uk.indeed.com/rc/clk?jk=6fb5542e850f5678&fccid=bfd62d072447f458&vjs=3
"Senior Data Scientist, Climate and Data Technology",NatWest Group,https://uk.indeed.com/rc/clk?jk=ca03937eea0e5e3b&fccid=4a3a2b1eb3ec0691&vjs=3
"Python Developer, Machine Learning / Data Science",Expert Employment,https://uk.indeed.com/rc/clk?jk=6d2b240da8095514&fccid=38a7085c8a5f673e&vjs=3
Jr. Data Scientist,KPIT Technologies GmbH,https://uk.indeed.com/company/KPIT-Technologies/jobs/Junior-Data-Scientist-221ae1cdf71906cc?fccid=01bb9926411ba157&vjs=3
Researcher in Health Data Science,University of Oxford,https://uk.indeed.com/rc/clk?jk=77362ff4fb4fd186&fccid=3e8af96829591e84&vjs=3
Data Scientist,NatWest Group,https://uk.indeed.com/rc/clk?jk=a177d71e3a572022&fccid=4a3a2b1eb3ec0691&vjs=3
Data Scientist - Econometrics,Sky,https://uk.indeed.com/rc/clk?jk=2a297f65a8c0be46&fccid=288ce4c9ce99f179&vjs=3
Research Data Scientist,Metrica Recruitment,https://uk.indeed.com/pagead/clk?mo=r&ad=-6NYlbfkN0B4I0z8Vg4C22bXJk453pUE2nnLCUOyY_R-ihB16RDW65dAXO9w17QY8SOm2HP94Hrd7kSxCxLgF_3MMrAIzhIla9alAsmHQDctFaxCaYASBVmfNYZr1yC4eliA4b08xy9C9wFLhQdFGAgj5I9Bh3r_Fthb-yFcA4twE1bEmXGAE7XtipVkeDSlTNxwt32cCaEb0vHelPKPo-erE0_ieTaNiT8pbsqUck7R5MogS34G4DqhvNX1mewagwm4HJ8CdCFL4gAeUHDIY7RQaN4DudDZHTTd-oaNDuC2lpDu8-KJ-Th6yUDvHn_BZ8vTKrXGGTsPx4wM50XffjxupKlkmttpaoXgjsVhyzFmU7GEmzPeFqzsIcLgdzMMLrJO4e9GOy816JULngN0st8qxkpvoYc8a9rYXBpk-1YmWoKZnNVU9tF5rOz2iAhzFYCpngPYDP54ZKpjlh5EXsH4vyj1m1DduQe3NF1usGZ7RaEVUDYcV3ubzD9secRxeTEP9SOVyqmPzmDkmxpcD0b5lbU9dcJVh20gh6NobI4fRMtSbmIprcRxDTLW2cI8rtkbCHq578HzujxOQ1WlqRi_sHDWASb99yGYsHQw2i7RHSqizoQLiTfT5Q9zARHh8mXFbtQ50CIw5VklVV1KO-VQMpR640fN1WPileJJo4trKbVt7SRDKTGmkgXNiIgxr_66prxgAkk=&p=7&fvj=0&vjs=3
Data Scientist,Foxtons,https://uk.indeed.com/rc/clk?jk=a96992601c109ea1&fccid=5f7a99031d8bfb07&vjs=3
Data Scientist (UK),Pandera Systems,https://uk.indeed.com/rc/clk?jk=7f7fcae0338d160b&fccid=505d1fb00d86d35b&vjs=3
Senior Data Scientist,Wayve,https://uk.indeed.com/rc/clk?jk=40908e2e02d24fb7&fccid=df35c50e2371b848&vjs=3
2022 UK Industrial Placement - Data Science/Data Engineering,Mott MacDonald,https://uk.indeed.com/rc/clk?jk=42b8fe35d7527d8a&fccid=edb4bf50a19b70a9&vjs=3
Senior Data Marketing Scientist,NatWest Group,https://uk.indeed.com/rc/clk?jk=e91de74dbd97596a&fccid=4a3a2b1eb3ec0691&vjs=3
Data Scientist - Ads,King.com,https://uk.indeed.com/rc/clk?jk=286e3e4a59eb8caf&fccid=cadcae9e8089792b&vjs=3
"Data Scientist (Decarbonisation, Electrification, & Nature-B...",Aubay UK,https://uk.indeed.com/company/Aubay-UK/jobs/Data-Scientist-53a5cfedc516a0fd?fccid=1c290716cf3be91d&vjs=3
Data & AI VelocITy Graduate Programme | October 2022,Avanade,https://uk.indeed.com/rc/clk?jk=ce842aa09c1a2471&fccid=5386281035076fdf&vjs=3
"Marketing Data Scientist, Global Client Agency Solutions, gT...",Google,https://uk.indeed.com/rc/clk?jk=1f43d5d69c62997c&fccid=a5b4499d9e91a5c6&vjs=3
Senior Data Scientist,ACCOR,https://uk.indeed.com/rc/clk?jk=827a5a806cfab778&fccid=e52a8045d312f049&vjs=3
"Senior Manager, Data and Analytics EMEA",Johnson & Johnson,https://uk.indeed.com/rc/clk?jk=90785857bf3b4d7f&fccid=0bed8e17bc113980&vjs=3
Associate Director EMEA CBI Data Science,Johnson & Johnson,https://uk.indeed.com/rc/clk?jk=ebe3c8ec731dc627&fccid=0bed8e17bc113980&vjs=3
QDI Data Science Application Scientist,Qiagen,https://uk.indeed.com/rc/clk?jk=aff2780ee8039a37&fccid=58e44ef0852f1a0d&vjs=3
Data Scientist,UCAS,https://uk.indeed.com/rc/clk?jk=ee83204f3fed4598&fccid=983a0320ebe2937a&vjs=3
Research Data Scientist,Metrica Recruitment,https://uk.indeed.com/pagead/clk?mo=r&ad=-6NYlbfkN0B4I0z8Vg4C22bXJk453pUE2nnLCUOyY_R-ihB16RDW65dAXO9w17QY8SOm2HP94Hrd7kSxCxLgF_3MMrAIzhIla9alAsmHQDctFaxCaYASBVmfNYZr1yC4eliA4b08xy9C9wFLhQdFGAgj5I9Bh3r_Fthb-yFcA4tWtf6vTlp6HHwYWsbwAxKhW2Nyg7XWoeRcYw0n0_oj8nLbEvGnwcc2mevtuf2RLcRPMTkO0BBphvf3ntMgUjK_ZkJ9tyAqwcY68JAYLYBLej9outyHJupthq2myrC0OBqKtKGH2e4tEAo0IkiHnoF8DSSRNF8l6GzX2hBvTRGDi6wL_sdhgudgOQXYOSzV6apbBkpOPcSUWpHWD7H0Of2zWdcTjIlL9ac22rM_oyYaJgdCuC7wGgRGcLx3T9eFYMu1LZM5_YTkad0j4yjyNgWOOPrwnZNMS0ShjsfXWSORff6htOdEE-hK3oo3N0mtZ_c7GCyS3GH02xFnEWM6zwwQiZ6xmP3mbZ641Lge1rGgZiqYldoG10S1muJGCJFhN9Q0R6DCQ3RTVY-VDbPMmHZjBQkXmVBHnJJDXtGPv2BsiLHlRgzMJVE5fA_YzcDT4SVo_y5lPNHGAcYAaSGXd5q1VE0MV4c9rQit-AQDnOjiAP6H6ACwsm8vBef6sSgw9o8f52ATabSQR7-1ZLxnSk-tDC67Q6Qw9N0=&p=7&fvj=0&vjs=3
Data Scientist,Bromford,https://uk.indeed.com/rc/clk?jk=da033ebad2c769db&fccid=52ec01a7950dc9bb&vjs=3
Inaugural Data Scientist,Pragmatik AI,https://uk.indeed.com/rc/clk?jk=deaa2d884b6bf56d&fccid=dd616958bd9ddc12&vjs=3
"Consultant, Data Science and Machine Learning, Defence and S...",Deloitte,https://uk.indeed.com/rc/clk?jk=960383f3bf3e484c&fccid=9e215d88a6b33622&vjs=3
Machine learning engineer- UAS navigation,Archangel Imaging,https://uk.indeed.com/company/Archangel-Imaging/jobs/Machine-Learning-Engineer-86dc420b3e65f747?fccid=c29a934e0027e7a1&vjs=3
Statistician (Consumer data) / Data Scientist,Mintel,https://uk.indeed.com/rc/clk?jk=5ca979c0e6a07b2f&fccid=732b5bd56c00e827&vjs=3
Data Scientist,DemandScience,https://uk.indeed.com/rc/clk?jk=153c3d30beafa1da&fccid=447e627f2ff57e65&vjs=3
Senior Data Scientist,Sky,https://uk.indeed.com/rc/clk?jk=57e2d047b2529517&fccid=288ce4c9ce99f179&vjs=3
Lead Genomic Data Scientist - Diversity,Genomics England,https://uk.indeed.com/rc/clk?jk=d4f402be56d550e8&fccid=2c9f16151cc689de&vjs=3
AWM - Data & Analytics - Investment Platform - Data Scientis...,"JPMorgan Chase Bank, N.A.",https://uk.indeed.com/rc/clk?jk=acd6dc7082445bb5&fccid=aaf3b433897ea465&vjs=3
Data Scientist - Autonomous Mobility (DS3),Internal Job Board,https://uk.indeed.com/rc/clk?jk=67d6d9a9fb4b078e&fccid=ccfdefab2235c9a1&vjs=3
Analytics Consultant,BAE Systems,https://uk.indeed.com/rc/clk?jk=cc0bd7dc7e67fa06&fccid=200a825acadb9338&vjs=3
Machine Learning Intern (London),Quantcast,https://uk.indeed.com/rc/clk?jk=a817e7f292a0e5a0&fccid=ae804d7135a7b480&vjs=3
Data Scientist,Artefact,https://uk.indeed.com/rc/clk?jk=8559534d87a73b1b&fccid=c1f750eaef1d79c4&vjs=3
AI Scientist - Natural Language Processing,PGSM Consulting,https://uk.indeed.com/rc/clk?jk=9f47d1a99bea8203&fccid=2f9ec83ca1f1ff89&vjs=3
Research Data Scientist,Metrica Recruitment,https://uk.indeed.com/pagead/clk?mo=r&ad=-6NYlbfkN0B4I0z8Vg4C22bXJk453pUE2nnLCUOyY_R-ihB16RDW65dAXO9w17QY8SOm2HP94Hrd7kSxCxLgF_3MMrAIzhIla9alAsmHQDctFaxCaYASBVmfNYZr1yC4eliA4b08xy9C9wFLhQdFGAgj5I9Bh3r_Fthb-yFcA4t6HFzze0YIbB5oCAsEhl7vqVQVIV25zi6wi8ToedZcdRZ0EkgYizvgubX_x1LuPzoz5fpIWsXwLh-KasPmoT9Pi24MCz_NibN3ADhzahNb6qSsofhj8lfYdW8Jw5R6NzCi6q4vK-SwLRvflPjZrjJFIbSElN9ncqvCWwJGZ2ULtsoA4cUYMYn3aYIKaw8kcu2_4cZdriHicpkOL8otTuXnsoR7VwGhINHBtcAnBczEVzTZVO-3BG5ONdnPsW6w1jz5sPrkRAqWixsG9UnwIHFho35ssK_NQzUhL-TTq3jeF8cPXGFAnoH3NnqhohHwJE3P0VdrbX_iBYtAWKip1UiAsgjlrVgypQltiyAqK83QKtih0KEr11qKaASKkRqX0LIGUD883diUuuS3Ym4XNOlIB33oseTcAm0bIFT_-_uguHMG3rkto2R8OsAssiKDdvPI5PpeYNsjuCSU0ArtmxxdintRuKo05xTKD-iKXKBXUTQhDn0JjOe7O53RF6X9RaqZcfWc34ZEsx2gklI4zy1tpuE4ngNRl4M=&p=7&fvj=0&vjs=3
Data Scientist,Toumetis,https://uk.indeed.com/rc/clk?jk=00f13e35253176d3&fccid=1408f3873505835f&vjs=3
Rater/Machine Learning Agent,RWS,https://uk.indeed.com/rc/clk?jk=6993bbcf05b3a75d&fccid=42902ed7252fb8a2&vjs=3
Senior Data Scientist,Holland & Barrett,https://uk.indeed.com/rc/clk?jk=35bb3a8ae9c07d3d&fccid=344344dda6e83d9f&vjs=3
Data Scientist,Sykes Cottages,https://uk.indeed.com/company/Sykes-Cottages/jobs/Data-Scientist-9cd3f258dff22ccf?fccid=77a36d4440c8bf54&vjs=3
Junior Data Scientist (Remote),Citrix,https://uk.indeed.com/rc/clk?jk=bf254e56062e86f9&fccid=3c41eea00c4f384f&vjs=3
Lead Data Scientist,SEVERN TRENT,https://uk.indeed.com/rc/clk?jk=71f3c3c45d78ef5b&fccid=89ad174f8202f4b4&vjs=3
Data Scientist - Experimentation and Causal Inference,Just eat Takeaway.com,https://uk.indeed.com/rc/clk?jk=d19751ee936a2cb1&fccid=b48442910bb69b13&vjs=3
Data Scientist (ref 086),Easysoft Ltd,https://uk.indeed.com/company/Easysoft-Ltd/jobs/Data-Scientist-b20d177d436d5f44?fccid=0ab345f55c9f31df&vjs=3
Data Scientist,ctrlio Ltd,https://uk.indeed.com/rc/clk?jk=8b36f9c2e074f492&fccid=e1c3e521fd9970e6&vjs=3
Asset Management - Data Scientist - ESG - Vice President,"JPMorgan Chase Bank, N.A.",https://uk.indeed.com/rc/clk?jk=be321f8966f72aaf&fccid=aaf3b433897ea465&vjs=3
Data Scientist with Machine Learning and C++ skills,Expert Employment,https://uk.indeed.com/rc/clk?jk=d6543a12fe574e49&fccid=38a7085c8a5f673e&vjs=3
Digital Marketing Data Scientist,Reckitt,https://uk.indeed.com/rc/clk?jk=29d19d869c0aa1be&fccid=25fcc0ef2edd3f05&vjs=3
Data Science Analyst,iTechmedia,https://uk.indeed.com/company/iTech-Media/jobs/Data-Science-Analyst-c4d35a21ceca213f?fccid=ea01daacf6abf0b8&vjs=3
Research Data Scientist,Metrica Recruitment,https://uk.indeed.com/pagead/clk?mo=r&ad=-6NYlbfkN0B4I0z8Vg4C22bXJk453pUE2nnLCUOyY_R-ihB16RDW65dAXO9w17QY8SOm2HP94Hrd7kSxCxLgF_3MMrAIzhIla9alAsmHQDctFaxCaYASBVmfNYZr1yC4eliA4b08xy9C9wFLhQdFGAgj5I9Bh3r_Fthb-yFcA4vLsF5zCONfHhEdv3h_VEgAdmWzwsG6jva1YEW4EG43Ppny5UPQi67TAiZgguh_9S5-PrQP7QPh6gehbtjxHp1qR895bpYDchvWpLvjcv-D1HOGuDdlMWHRzOory-KAepFAo0WhCyObbJGBrp0Mnc-0KWtbsGMcKkhVQqb1PiQ7kXouZ0aT7YECUBxqKZmEXXEhmGzL7W93rKr9lygJEpUm_-nF8BWrkQnrB-qOl9yQo28xOHT3sUlcyssKlpNfB446m4u7uGgRgslmIQIIPvm6nmfjOHBwDenczb3dsV0qIubtjA6tGSTX1QmlR0NQUKLu0E5SA_ueNAyIgzXBYRIQMxiYkhlb2quhjp9xKSDhCwO0sBxgn4LJ-CRFpb8pd7RHmocEYYpFmsgtvZhyRF5IxC0aRvDvVJ6YGc_8ck3mJuj742aUDbwPsQJ7GUaO7GHwNtMPiCJ3p9we2UPOz0dDvlX9ddJUc8CUnfLAWfA2KnnuagMQY9cC6ZK-_9RQkO3NpuM9oIPBxX1-ujYVbSxEa3jEBMfGizY=&p=6&fvj=0&vjs=3
Data Scientist,Atkins,https://uk.indeed.com/rc/clk?jk=a7b790e829155678&fccid=d67cac272a1a8c54&vjs=3
Data Scientist – Optimisation,Trakm8,https://uk.indeed.com/rc/clk?jk=59a739679f183dbb&fccid=1c3e27076211d015&vjs=3
Senior Data Scientist,AstraZeneca,https://uk.indeed.com/rc/clk?jk=17272ae3b5c68e6b&fccid=003656df63cede32&vjs=3
Data Scientist,CarbonChain,https://uk.indeed.com/rc/clk?jk=9a4462f9e061f788&fccid=cc9736530099397d&vjs=3
"Lead Data Scientist, Climate & Data Technology",NatWest Group,https://uk.indeed.com/rc/clk?jk=6f1f1b5bf01dfb77&fccid=4a3a2b1eb3ec0691&vjs=3
Data Scientist,Plum Guide,https://uk.indeed.com/rc/clk?jk=5ebfc2c6a6580c9b&fccid=737d836592f70a75&vjs=3
Data Scientist/ Machine Learning Engineer,Uniting People,https://uk.indeed.com/company/Uniting-People/jobs/Data-Scientist-d16b3c233fc98073?fccid=aef988f1dea8681c&vjs=3
Lead Data Scientist,Dyson,https://uk.indeed.com/rc/clk?jk=557ac1768ab4ab82&fccid=366382f52796fce2&vjs=3
DATA SCIENCE CONSULTANT LONDON,managementsolutions,https://uk.indeed.com/rc/clk?jk=6b09ddd8c8759fe8&fccid=f3eca80b6759548b&vjs=3
Data Scientist,Tradeteq,https://uk.indeed.com/rc/clk?jk=e5e13dbb83d1f1c2&fccid=fd5524fd68d39a9e&vjs=3
"Early Career Academic, Data Science",University of Derby,https://uk.indeed.com/rc/clk?jk=3077eb14314c175f&fccid=15af7d1916a52154&vjs=3
Data Scientist,Roke,https://uk.indeed.com/rc/clk?jk=676ad5c9db113482&fccid=4487668d2efa56e9&vjs=3
Lead Data Scientist,Complete,https://uk.indeed.com/company/Complete-Coherence-Limited/jobs/Lead-Data-Scientist-36426c0ff724906e?fccid=ebcfd5f3e2eed381&vjs=3
Data Scientist,ManyPets (via Otta),https://uk.indeed.com/rc/clk?jk=81505d54696f41fe&fccid=230d7ac6c20e82fd&vjs=3
Principle Data Analytics Consultant,Digital Waffle,https://uk.indeed.com/rc/clk?jk=202f7603f2fd4c05&fccid=af02b98b92a2145b&vjs=3
Data Scientist,FXC Intelligence,https://uk.indeed.com/rc/clk?jk=b12108518d6b3845&fccid=54ab870cdd81adf6&vjs=3
Assistant Manager - Data Scientist (D grade),KPMG,https://uk.indeed.com/rc/clk?jk=ba62e77b2b063aa4&fccid=2dd390c3a48a7ed0&vjs=3
Data Analytics Consultant,hireful,https://uk.indeed.com/rc/clk?jk=a34f6aeeb4a7c49e&fccid=eb521b08745a8fd6&vjs=3
Delivery Data Science,Microsoft,https://uk.indeed.com/rc/clk?jk=ab73dee0e10596cd&fccid=734cb5a01ee60f80&vjs=3
Data Scientist,Infineum,https://uk.indeed.com/rc/clk?jk=c619500d2bf92908&fccid=23c3e97d77448adb&vjs=3
Lead Data Scientist,Sky,https://uk.indeed.com/rc/clk?jk=30884bc207cbe929&fccid=288ce4c9ce99f179&vjs=3
Data Scientist,HSBC,https://uk.indeed.com/rc/clk?jk=5fc3047643885f4c&fccid=04c9b139c84ea1b5&vjs=3
Data Scientist - Healthcare/Life Sciences,SAS Institute Inc,https://uk.indeed.com/rc/clk?jk=90c5f7c7428f158f&fccid=0288b34a02030660&vjs=3
Data Scientist,Owlstone Medical,https://uk.indeed.com/company/Owlstone/jobs/Data-Scientist-870751d93967765e?fccid=d92f653d0d6e54bf&vjs=3
Senior Data Scientist,Luno,https://uk.indeed.com/rc/clk?jk=ea38cb73d2ce2513&fccid=e2c2fcf649ca45fe&vjs=3
Machine Learning Scientist,Doctors.net.uk,https://uk.indeed.com/rc/clk?jk=ad619aa89a5f288b&fccid=774092bd19de6d6a&vjs=3
Associate Data Scientist,Hitachi Europe Ltd.,https://uk.indeed.com/rc/clk?jk=f671b48c92e1f0af&fccid=28f79c18789111e8&vjs=3
Data Scientist (Associate or VP) - Applied AI for Global Tec...,"JPMorgan Chase Bank, N.A.",https://uk.indeed.com/rc/clk?jk=a555632e645718bb&fccid=aaf3b433897ea465&vjs=3
Data Science/Analyst with Banking/Financial Domian,Gemraj Technologies Ltd.,https://uk.indeed.com/company/Gemraj-Technologies-Ltd./jobs/Data-Science-Analyst-Banking-Financial-Domian-766ec2ef4b162573?fccid=90d19d0058f6a46d&vjs=3
Research Data Scientist,Metrica Recruitment,https://uk.indeed.com/pagead/clk?mo=r&ad=-6NYlbfkN0B4I0z8Vg4C22bXJk453pUE2nnLCUOyY_R-ihB16RDW65dAXO9w17QY8SOm2HP94Hrd7kSxCxLgF_3MMrAIzhIla9alAsmHQDctFaxCaYASBVmfNYZr1yC4eliA4b08xy9C9wFLhQdFGAgj5I9Bh3r_Fthb-yFcA4ssm61a6ZpxNsBGTxIZgBPWpkrDDCcNCVlO-mG3ll5SWqxD7Nan9XIGOkc0s_zWH-WuuvF-LSzOqquDvqkH__3NA7pMNJUkNGpzVv7tSY_4sRQdqFl3qwjr2SjkgxPS9btzU6Kv0SOe_btcqnZoyFHeA6UG3JoBRFSJ1-rTuXMvTzxVIV5tblB2fGFd4eDQEME0BYZe4CPei-wecf16hLTCzyBk3GL446VjVSjy5QZhaxoJUjdq74WU0FvlKcqHhGCQZ6B9bR_IrrjwjWO7DRYwE-45tsvpvo4QZUOKOffxT-pxGaHHZkWPAxrX2k6jWEa73cSFxILUG6XEscUu2L1y2hDdZG3MMrHQDIVJX-lhPkQGjSkCwOJoCGopuS2njfPeCtz3jIicLcS3LKMmH88n6yVZuOOE2gIj0MSHBG9uhlb-aCwqwtQMV5dO5ZF3xGIMZcmqz8f1FlI56Ls7w5JQFiqPic-phm40R7aMkazRhwjhwk4eIdtVYQdelLx86CqEqzCSVZ9bjAWfZ1OPG1ubVm8dw_AuZEA=&p=6&fvj=0&vjs=3
Data Scientist,First Central,https://uk.indeed.com/rc/clk?jk=f494d612d32a9897&fccid=3076bed1565e8ed2&vjs=3
Lead Data Scientist - Investment Management - London or NY,causaLens,https://uk.indeed.com/rc/clk?jk=f154763a6bda5191&fccid=8cd7a49755337607&vjs=3
AI Scientist - Machine Learning,PGSM Consulting,https://uk.indeed.com/rc/clk?jk=13635f31f3ef3a02&fccid=2f9ec83ca1f1ff89&vjs=3
Client Data Scientist,nPlan,https://uk.indeed.com/rc/clk?jk=431c020da576e8ef&fccid=02f70250ed4ce6ed&vjs=3
Data Scientist,Pulse-Eight,https://uk.indeed.com/rc/clk?jk=3e53aa6160d6234f&fccid=7c3af5fdb17d80ed&vjs=3
Data Scientist,Smarsh,https://uk.indeed.com/rc/clk?jk=19621b55a6721d3b&fccid=6280e0f77cd32f4f&vjs=3
Data Scientist (Temp),Vanguard,https://uk.indeed.com/rc/clk?jk=1db28f81893ee97a&fccid=510aa29fcf8f87d9&vjs=3
Data Science Intern,Kalibrate Technologies,https://uk.indeed.com/company/Kalibrate-Technologies/jobs/Data-Science-Intern-f079b75aab8d5a00?fccid=b213a9833c76aeb0&vjs=3
Data Science Intern,Kalibrate Technologies,https://uk.indeed.com/company/Kalibrate-Technologies/jobs/Data-Science-Intern-f079b75aab8d5a00?fccid=b213a9833c76aeb0&vjs=3
Data Scientist – 12-month fixed term contract,Life Arc,https://uk.indeed.com/rc/clk?jk=5b9fc23eee90d226&fccid=ffc3e493fe3ea7ef&vjs=3
Junior Data Scientist,Executive Recruitment Services,https://uk.indeed.com/rc/clk?jk=31b8a999327974fd&fccid=81f2aded1665844b&vjs=3
Data Scientist,BGL Group,https://uk.indeed.com/rc/clk?jk=2201698d56ecc45d&fccid=ac3867fa48a49c41&vjs=3
Research Associate in Surgical Data Science,King's College London,https://uk.indeed.com/rc/clk?jk=24a22577cc0bdd26&fccid=a839176e8efaac60&vjs=3
Research Data Scientist,Metrica Recruitment,https://uk.indeed.com/pagead/clk?mo=r&ad=-6NYlbfkN0B4I0z8Vg4C22bXJk453pUE2nnLCUOyY_R-ihB16RDW65dAXO9w17QY8SOm2HP94Hrd7kSxCxLgF_3MMrAIzhIla9alAsmHQDctFaxCaYASBVmfNYZr1yC4eliA4b08xy9C9wFLhQdFGAgj5I9Bh3r_Fthb-yFcA4u0p7w5w4-3n3gaMVNPBOve6i3qgTTPbkZFAub8JWmu4_LbRnQCTA61j_UW71Z0TX90I8gn13cT4Lsgw6orGkrmrhS42tHQ2v8CKpaS7cJW3RoiXOECAMFJ1GlxtP8ryYqgro4xSR3m_n1VtRmcJfRFjE6th8DKKzxzYn2rbrOqR4srvxRFn4h5X9eunGSn4E00B6XQNRFqmuxZ3DBPcgmWHSVJK64zy3A3zVe898D7YU9j28QUT6THOYED5GY95eh6G8IHYv757AVu_5BHXkZszu4Rid-VBVOg5kIlhZ9Usvsi2c-dP-G9dJUXMTOa9ur67IzUi1yOiGydEOGWWR2UyNYWJun17nxPUxg3O2Z5fDkXp5kkcju1dWtCYaBxMbXSxD78qjPrHqS-VM2AZy2YPZ8qj0bAtQ4aTxjMk91bDSWxa9IcmpE54J_6lgL3WSmGAJ2s_0rgwDw8FoGGNC3hbKeOcPzNkCU7m_aOyvEx8-8jL1y2_y2P5-pE6eY1XDcE4xOUYinID6g1ypbL0EaZmjnAObuHFsc=&p=5&fvj=0&vjs=3
Junior Data Scientist,Dovestone Technology Solutions,https://uk.indeed.com/rc/clk?jk=e3c2f33f109a9f71&fccid=34ea771d3e328c8d&vjs=3
"Senior Data Scientist, User Experience",Monzo,https://uk.indeed.com/rc/clk?jk=6d9546d626d2d1f4&fccid=73da13d58dc1080c&vjs=3
Associate Principal Data Scientist – Biopharmaceutical Devel...,AstraZeneca,https://uk.indeed.com/rc/clk?jk=b7c8200dac069fc3&fccid=003656df63cede32&vjs=3
Sustainability Data Scientist,World Wide Generation Ltd,https://uk.indeed.com/company/World-Wide-Generation-Ltd/jobs/Sustainability-Data-Scientist-ff6863bbb40b45eb?fccid=b23b2580c941f7e5&vjs=3
Senior Data Scientist,Somerset Bridge Group,https://uk.indeed.com/rc/clk?jk=14bf1eab60e6200d&fccid=dcf770126ed58a1f&vjs=3
Principal Data Scientist,Data Idols,https://uk.indeed.com/rc/clk?jk=e3a5114aad19ccbf&fccid=19d1d48be8ab494a&vjs=3
Data Scientist - FX Services - Currencies & Emerging Markets...,"JPMorgan Chase Bank, N.A.",https://uk.indeed.com/rc/clk?jk=8d2afb03e140052d&fccid=aaf3b433897ea465&vjs=3
Process Data Scientist,EUROAPI UK,https://uk.indeed.com/rc/clk?jk=413de316381178d4&fccid=6ac73132d66f1daf&vjs=3
Full Stack Data Scientist,Fable Data,https://uk.indeed.com/rc/clk?jk=120b426f2e026a11&fccid=97de08cc0d912589&vjs=3
Graduate Technology - Analytics Manchester Autumn 2022,KPMG,https://uk.indeed.com/rc/clk?jk=8aeadad2d46398d8&fccid=2dd390c3a48a7ed0&vjs=3
Lead Data Scientist,Kobalt,https://uk.indeed.com/company/Kobalt-Music-Group/jobs/Lead-Data-Scientist-ddf82098d6bc8c87?fccid=46502d90f3fb54b4&vjs=3
Data Analytics - Assistant Manager 1,KPMG,https://uk.indeed.com/rc/clk?jk=4c8cffbf70703e17&fccid=2dd390c3a48a7ed0&vjs=3
"Senior Data Scientist, Content Platform",Spotify,https://uk.indeed.com/rc/clk?jk=e5856b99e78a1af8&fccid=fe404d18bb9eef1e&vjs=3
Data Scientist,Kindred Group,https://uk.indeed.com/rc/clk?jk=e1aa0c0f7e75dbaf&fccid=328e069e300289d4&vjs=3
Junior Analyst: Data and Analytics,Essex County Council,https://uk.indeed.com/rc/clk?jk=f3ffbbb9d0b365aa&fccid=f769eafbee700916&vjs=3
Research Data Scientist,Metrica Recruitment,https://uk.indeed.com/pagead/clk?mo=r&ad=-6NYlbfkN0B4I0z8Vg4C22bXJk453pUE2nnLCUOyY_R-ihB16RDW65dAXO9w17QY8SOm2HP94Hrd7kSxCxLgF_3MMrAIzhIla9alAsmHQDctFaxCaYASBVmfNYZr1yC4eliA4b08xy9C9wFLhQdFGAgj5I9Bh3r_Fthb-yFcA4sSov5q4i0-11Jn_9TNe7TXFROd9FQz_IfKxacjxZisc-GfWZiPp2DwybAhopB2HRTMNQ633ZVHUw0QCBcu8dygXw9-zB7WfVgzn1JJlnCzxH_RcZ5xC6hW__WEfiZ8hCESQFg8_Un9uWY1TcVXuUc8JkDFx_bYs8FzvNB_YZbeLVCgwv-aubRLBdIXt9JzW0aZGC189ZB93VwOfqknuZtS_4sgxmOs_z5CGKYmxwrU-bYvv52-tI3Iy-nneIS2a0bRA2_uQGuC5kcLdl9hvDUbIEJkopplnstdpwHCbJ1sbuWp-2s5igETnieOZH58H032GlLRkJX9XEgnIH-af-9tf_ypaK7lmz5CMbBAHhlnJNz6rimCehOeVElPX-ZgmnYnS5fWkKb0W5eg-9L7NwhHEoLFc5DPhwZ5sSAgeEhJJCpo_C7OLfCWci3GLEdXNVktsmiBiHNFhiVcLmRVcGFx-ini2YwrAX2MkmDlSIoR7ZbEVAYqqquLOvtQYi_6Qeut0bmiBsYHGEm5z83wMdSvn4vPGNWMpkY=&p=6&fvj=0&vjs=3
Data Scientist,Incubeta,https://uk.indeed.com/rc/clk?jk=9fcf34ca149045a8&fccid=9c71dbbe3501a6ae&vjs=3
Data Strategy and Analytics Lead,Department of Health and Social Care,https://uk.indeed.com/rc/clk?jk=a8ad18239c44b166&fccid=8b21fd09496ad42f&vjs=3
Data Scientist (Platform Experience Group - PEG),PlayStation Global,https://uk.indeed.com/rc/clk?jk=24e2fd89e44825e6&fccid=ad3f1759d3ff042b&vjs=3
Data Science Director,LEGO,https://uk.indeed.com/rc/clk?jk=ae4faa2dd9107b77&fccid=7ffb2f076144ee5d&vjs=3
"Consultant/Senior Consultant, Precision Medicine Data Scienc...",Deloitte,https://uk.indeed.com/rc/clk?jk=6d5d79105eaf1bb2&fccid=9e215d88a6b33622&vjs=3
Physicist/Data Scientist,ghd hair,https://uk.indeed.com/company/ghd-hair/jobs/Physicist-Data-Scientist-b84b8d7c216e8408?fccid=214fc57ea0a5cf30&vjs=3
Data Scientist,Harnham,https://uk.indeed.com/rc/clk?jk=3a54e39766a65717&fccid=d72eb0548d91249c&vjs=3
Data Scientist,Pro1 Recruitment,https://uk.indeed.com/company/Pro1-Recruitment-Ltd/jobs/Data-Scientist-bbfb9b6517f66df6?fccid=a6fe4565edeadaf5&vjs=3
Data Scientist,Hastings Direct,https://uk.indeed.com/rc/clk?jk=6a7295ab37cf32cf&fccid=aad03946f64a0ca3&vjs=3
Lead Data Scientist,CogX,https://uk.indeed.com/rc/clk?jk=ce301e1e61455c46&fccid=ec1d8e00da28dc77&vjs=3
Junior Data Scientist,Blues Point,https://uk.indeed.com/company/Blues-Point/jobs/Junior-Data-Scientist-5b4800281ac4a4e2?fccid=de877b1bc079ffc6&vjs=3
Graduate Machine Learning Engineer,Kubrick Group,https://uk.indeed.com/company/Kubrick-Group/jobs/Graduate-Machine-Learning-Engineer-c56998771c42f6bc?fccid=d9926f2a37617c4e&vjs=3
Data Scientist,IT Executive Group,https://uk.indeed.com/company/IT-Executive-Group/jobs/Data-Scientist-bce4885cd33cd726?fccid=a0ffd5ecbb2207de&vjs=3
Senior Data Scientist - Claims,Arch Europe Insurance Services Ltd,https://uk.indeed.com/rc/clk?jk=70699cfc1f1e7336&fccid=c6bbd9e66fe952c3&vjs=3
Data Scientist,Red Sift,https://uk.indeed.com/rc/clk?jk=28277ded23c89e17&fccid=d858fcf0103e66b9&vjs=3
Senior Data Scientist,Omnicom Health Group,https://uk.indeed.com/rc/clk?jk=4729379319ce1b36&fccid=3a58a6877f80f179&vjs=3
Research Data Scientist,Metrica Recruitment,https://uk.indeed.com/pagead/clk?mo=r&ad=-6NYlbfkN0B4I0z8Vg4C22bXJk453pUE2nnLCUOyY_R-ihB16RDW65dAXO9w17QY8SOm2HP94Hrd7kSxCxLgF_3MMrAIzhIla9alAsmHQDctFaxCaYASBVmfNYZr1yC4eliA4b08xy9C9wFLhQdFGAgj5I9Bh3r_Fthb-yFcA4s08YSyYqlYY0Pxh09LwQZLfJ2qFVHCDB5ZGIbhoTKYY1djc4FislXmS3PHflEFlm0OhTiUN-GTqJEjuMfu6Ml2I_wGQ_UIG__Eeqg8UDNq7n25QOtPc_guNFLDeiOGWZy2wwV0XF0jU2dMrPhjMv5VFfLjdR9gXoMstExJy154WqXBsm8rZFjIgjNEZwrYD-0Ym0duvaxqPkC-W0vI1PVd7clUA2X6M4xwT1zWpjxFXgJNvwPML5m9AGP6Bwz-xtZB-GpEStc8FkseiBnNESTG-2ByqQoRh5FpIIeyA-p7o4hBUoh61DL69orUesx38nJ_TBfzhHtbRgMqJBydHwKE32TPUHIOtv8rF2KQX4z8WQsiv7Ir_3worhp3TG-EtNwcSPuZOH-jcqKIDlhnrLFaon8huaod6r1CYdEL8fiWi6htKLnLBMB9aB2h8_N3wpk17W-e6QDaidjHl9CgKqg7a-Sro9X76e4NqiLH2t3qA3n2ZuDRSTVmD03vjwHUoInWy6dSqTRzymLxSY7RyZ3mUbRT937RQOY=&p=8&fvj=0&vjs=3
Data Scientist - Integrated Evidence,Novartis,https://uk.indeed.com/rc/clk?jk=1972c1c50c935442&fccid=c35194d01a9e2595&vjs=3
Data Scientist - Analytics Consultant Maths Degree,hireful,https://uk.indeed.com/rc/clk?jk=780801e5b1e4d758&fccid=eb521b08745a8fd6&vjs=3
"Consultant/Senior Consultant (Life Sciences), Data Science,...",Deloitte,https://uk.indeed.com/rc/clk?jk=06f7ef79b5a37468&fccid=9e215d88a6b33622&vjs=3
Conduct Risk Strategy – Data Science,Citi,https://uk.indeed.com/rc/clk?jk=8eaaddc25a15632b&fccid=5bcd1ef0a7f4fb99&vjs=3
Data Science Fellowship,Peak AI,https://uk.indeed.com/rc/clk?jk=93fbc4dbbe2d7717&fccid=19c24e7b982830fc&vjs=3
Data Science Manager - Vivid Economics,McKinsey & Company,https://uk.indeed.com/rc/clk?jk=d037fd4af3ca379d&fccid=6576e7250aa78c3c&vjs=3
Machine Learning Engineer,TikTok,https://uk.indeed.com/rc/clk?jk=d1a12f6813185507&fccid=caed318a9335aac0&vjs=3
Data Scientist,Vodafone,https://uk.indeed.com/rc/clk?jk=5d22d19617c2d756&fccid=374d720d3973ca1c&vjs=3
Data Scientist,Publicis Groupe,https://uk.indeed.com/rc/clk?jk=abe34e56f4c8937f&fccid=db7f53db949dad57&vjs=3
Machine Learning Engineer (Data Scientist),DDM Health Ltd,https://uk.indeed.com/company/Diabetes-Digital-Media/jobs/Machine-Learning-Engineer-0ca096b20c856f2d?fccid=280299c59787c90b&vjs=3
Applied Scientist (Remote),Yelp,https://uk.indeed.com/rc/clk?jk=f629b54efa7cb0d1&fccid=0e94073a1c937bd1&vjs=3
Senior Data Scientist (Remote),Sensor Tower,https://uk.indeed.com/rc/clk?jk=b416f5b964f7c6b2&fccid=c659788ec6cc356e&vjs=3
"Data Scientist II, Product Analytics - Credit Card",Expedia Group,https://uk.indeed.com/rc/clk?jk=7da5ab3037ed8953&fccid=160efb82f2462f14&vjs=3
"Data Scientist, Forensics and Counter Fraud - London",Crowe,https://uk.indeed.com/rc/clk?jk=3828b425eec158a1&fccid=994b5c764776123e&vjs=3
Decision Scientist,NatWest Group,https://uk.indeed.com/rc/clk?jk=2bef2058c046b0c3&fccid=4a3a2b1eb3ec0691&vjs=3
Data Scientist,Evotec,https://uk.indeed.com/rc/clk?jk=83002b5c2efc3e64&fccid=0c9f6235d127268c&vjs=3
Data Scientist - Innovation Lab (NLP),Citi,https://uk.indeed.com/rc/clk?jk=17d25f85f95b121e&fccid=5bcd1ef0a7f4fb99&vjs=3
Data Science Graduate- Sustainability,AWS EMEA SARL (UK Branch),https://uk.indeed.com/rc/clk?jk=b786cabb232d9e6e&fccid=fe2d21eef233e94a&vjs=3
DATA SCIENTIST (AI/ML),Searchability,https://uk.indeed.com/rc/clk?jk=5cd2ea8daf9a12ba&fccid=2c97f9555235f285&vjs=3
Data-Science / Deep-Learning Research Internship,Mirada Medical,https://uk.indeed.com/company/Mirada-Medical/jobs/Data-Science-04b72aa3202b3d78?fccid=0541c416d731b2cc&vjs=3
Data Analytics Engineer,Wayve,https://uk.indeed.com/rc/clk?jk=de98521bab057de7&fccid=df35c50e2371b848&vjs=3
Machine Learning Engineer,PwC,https://uk.indeed.com/rc/clk?jk=330bef55cd3e3422&fccid=5e964c4afc56b180&vjs=3
Data Scientist - Changing Lanes Programme,CAPCO,https://uk.indeed.com/rc/clk?jk=4228b22c5f3c7897&fccid=c2a63affe8751868&vjs=3
Data Scientist,Shift F5,https://uk.indeed.com/rc/clk?jk=a2ad7a7575940c9e&fccid=51cdf18e3e4b5a5a&vjs=3
Data Scientist - sporting data,Bettor Believe,https://uk.indeed.com/company/Bettor-Believe/jobs/Data-Scientist-596183b2b0d2687a?fccid=5e655d35be9c6675&vjs=3
Data Scientist| Lead Data Scientist,Animal Friends Insurance,https://uk.indeed.com/rc/clk?jk=492f8ff88546e21c&fccid=bd3231e5b9627135&vjs=3
Data Scientist,Mediahub,https://uk.indeed.com/rc/clk?jk=67da1e8222a1246b&fccid=1c10aa7cc69b6ab1&vjs=3
Senior Data Scientist,MARS,https://uk.indeed.com/rc/clk?jk=3a4211e4ac6c2f11&fccid=6f49e88f14c18b75&vjs=3
Data Scientist Lead,EDF Trading,https://uk.indeed.com/rc/clk?jk=88823e590fe3b3ad&fccid=58152dfd392ac25d&vjs=3
Research Data Scientist,Metrica Recruitment,https://uk.indeed.com/pagead/clk?mo=r&ad=-6NYlbfkN0B4I0z8Vg4C22bXJk453pUE2nnLCUOyY_R-ihB16RDW65dAXO9w17QY8SOm2HP94Hrd7kSxCxLgF_3MMrAIzhIla9alAsmHQDctFaxCaYASBVmfNYZr1yC4eliA4b08xy9C9wFLhQdFGAgj5I9Bh3r_Fthb-yFcA4sXkC8QxKnLadvV5kFxL6c5mGsQ6NgMi10xOwhKAKik7YdYZKa1YdJS6DkjQAmm8ICZGpdhRMQQcb1ZHF6OZb_fN_YZWkE6MjkxoyL7HwvhuwOepMqj7JZe7dPvIIAw8HV8Ngp1RVS--l-z8qbwijXMmd29QG6j0Qm0Bjia-IwexmxpmNoVRYdxGsFAC11RptZfp8Hk7t8_Icp87Og-0cloI9n8qnIk5VKHvRbnie9LEGluxq07gRiuzltlP486s25UsdtIV_gv4ny0HmVWYMJBvDDMQSqO-lWX9cbZvJu-rlrvFKv4Pki0_taHqTf8WbLav4sMG55fIaD6bXwfK2UcNgUGrEBE05AageIq1yfuQ5Lt00Nh5I5S9PKuiqpRPAd4T-_3USFqnfeqLpZH8t8fkkr8IwQiwDKCh6AWSt4lDFq_lc3sg-JKocWHU1xRBT1EWDl1S-JDQLKhiXTBmP0f5tWpTJTA7OzY8M3G5W6f4kpPPj_GYnzwtEAotCwMPZX7mzcpN7iqj6rtY1T0BQBeFDW4gBq4pXA=&p=8&fvj=0&vjs=3
Analyst: Data & Analytics,Essex County Council,https://uk.indeed.com/rc/clk?jk=70b54c5de91bd3b1&fccid=f769eafbee700916&vjs=3
Data Scientist,Raylo,https://uk.indeed.com/rc/clk?jk=374c3c53fe38637e&fccid=80fbc19122e4c351&vjs=3
Senior Data Scientist,Ridgewell Hawkes Technology,https://uk.indeed.com/company/Ridgewell-Hawkes-Technology/jobs/Senior-Data-Scientist-889588ffa3c920c2?fccid=bfb9dc01ff00e691&vjs=3
Data Scientist,Pertemps Network Group,https://uk.indeed.com/rc/clk?jk=912f4563e59c6461&fccid=1976b8742794eede&vjs=3
Head of Data Science,Talenting,https://uk.indeed.com/rc/clk?jk=4b8d79e73e15d6a6&fccid=3b93fef79b0b7b69&vjs=3
Year in Industry – Data Scientist (R&D),Malvern Panalytical Ltd,https://uk.indeed.com/rc/clk?jk=7d2c3bbed3bd0e31&fccid=0f102f7edcf02769&vjs=3
Lead Data Scientist,Dyson,https://uk.indeed.com/rc/clk?jk=557ac1768ab4ab82&fccid=366382f52796fce2&vjs=3
Nanoship (12 week ONI summer internship) - Oxford (UK),ONI,https://uk.indeed.com/rc/clk?jk=c475cb08ede8cfd8&fccid=2c263f20e2c2fa44&vjs=3
Data Scientist,Tradeteq,https://uk.indeed.com/rc/clk?jk=e5e13dbb83d1f1c2&fccid=fd5524fd68d39a9e&vjs=3
Office of AI Scholarship - QuantumBlack,McKinsey & Company,https://uk.indeed.com/rc/clk?jk=b127eb0e5e93819b&fccid=6576e7250aa78c3c&vjs=3
Data Scientist,Roke,https://uk.indeed.com/rc/clk?jk=676ad5c9db113482&fccid=4487668d2efa56e9&vjs=3
Lead Data Scientist,Complete,https://uk.indeed.com/company/Complete-Coherence-Limited/jobs/Lead-Data-Scientist-36426c0ff724906e?fccid=ebcfd5f3e2eed381&vjs=3
Data Scientist,ManyPets (via Otta),https://uk.indeed.com/rc/clk?jk=81505d54696f41fe&fccid=230d7ac6c20e82fd&vjs=3
Applications Scientist,Oxford Nanopore Technologies,https://uk.indeed.com/rc/clk?jk=24f86cbe84792350&fccid=883d15c3efaf58cc&vjs=3
Data Scientist,FXC Intelligence,https://uk.indeed.com/rc/clk?jk=b12108518d6b3845&fccid=54ab870cdd81adf6&vjs=3
Assistant Manager - Data Scientist (D grade),KPMG,https://uk.indeed.com/rc/clk?jk=ba62e77b2b063aa4&fccid=2dd390c3a48a7ed0&vjs=3
Data Engineer - Graduate/Entry Level - LV= General Insurance,LV= General Insurance,https://uk.indeed.com/rc/clk?jk=cfd4891193f952b0&fccid=c4254ba3c9cb8caf&vjs=3
Quality Control Scientist,MedPharm,https://uk.indeed.com/company/MedPharm-Ltd/jobs/Quality-Control-Scientist-69fecf8c26830bb5?fccid=6d0428a8dd4fb71b&vjs=3
Clinical Scientist,University College London Hospitals NHS Foundation...,https://uk.indeed.com/rc/clk?jk=387d3ea4f804cb36&fccid=2f6cf5b0f7c31d8e&vjs=3
Graduate Sustainability Data Analyst,Exertis,https://uk.indeed.com/rc/clk?jk=70aedf55c9ac5a04&fccid=af557ea21f2b1ecf&vjs=3
Senior Scientist (Molecular),Oxitec,https://uk.indeed.com/company/Oxitec-Ltd/jobs/Senior-Scientist-f336b444c75c65ac?fccid=9ef06c366e7bee5c&vjs=3
Data Scientist (NLP),Yolk Recruitment Ltd,https://uk.indeed.com/rc/clk?jk=f31faabd89ce38ca&fccid=96d2e97e4849c882&vjs=3
AI & Data Science Specialists,Defence Science and Technology Laboratory,https://uk.indeed.com/rc/clk?jk=2fbd238ac1612c20&fccid=c597a42db0dfa01b&vjs=3
Head of Data Science,OVO Energy,https://uk.indeed.com/rc/clk?jk=4183e4504109f490&fccid=f23134d18c3d097f&vjs=3
"Data Scientist II, Product Analytics",Expedia Group,https://uk.indeed.com/rc/clk?jk=89a92dd57bf242f0&fccid=160efb82f2462f14&vjs=3
Research Data Scientist,Metrica Recruitment,https://uk.indeed.com/pagead/clk?mo=r&ad=-6NYlbfkN0B4I0z8Vg4C22bXJk453pUE2nnLCUOyY_R-ihB16RDW65dAXO9w17QY8SOm2HP94Hrd7kSxCxLgF_3MMrAIzhIla9alAsmHQDctFaxCaYASBVmfNYZr1yC4eliA4b08xy9C9wFLhQdFGAgj5I9Bh3r_Fthb-yFcA4tx2dt8oNBZGoP8dgw_bJ06grdPNKFvj4y01hc8_VzvC8zsVqpbxRMDqugYqdG-Pi-SDZH1z82MwQRk7IcnCI3mKGPl_jwpxzNPVVFXWjVqax4oHb42IAYsJ7sG72YKaleRLGBgTGUN4MmhVpHzQaF0N8VuQsskKgXUzNxHRNzG_szi-pSALZIpTFmlF1ouKzbWJEJgm2O5LuHXEU5w8PxyJqWnRJ4kHY0QTe2qRZC_ZW3coq9Xq_izPIjVW90XqJrvIvWlsL-zuH988aRyBoYBuG_nb3wykNKwCtV1mTlEG-CVDFjU6muK3sWM7Hj7T8vJUGg-AqbwQ-wlSvbHdM5jIZccfVW3z5_nuiQ-v7mM48A8Gw6UaR8qqDqK6eDkUMt3I3f4iPZ-uEGMXS37rq8HS2GvPLVvICH-j3BanG1JtiHsBzU7JYhqH-VsBPKS3Uany8gS3I-o9Kp7bDZNYvEm6WjRM6vmY_UHgomeI8JYJygRrCQPZ1LMJ5BvkPNs0Ti0nLdNYRNm1_Gh0m9gysTVmeBD1ANs9MM=&p=4&fvj=0&vjs=3
Data Scientist,Brit Group Services,https://uk.indeed.com/rc/clk?jk=857126228592da79&fccid=e0cf9055399ee52d&vjs=3
Data Scientist — Treasury Risk and Exposure,Wise,https://uk.indeed.com/rc/clk?jk=60d0987cd25a064b&fccid=0b3564a667f52b8b&vjs=3
"Financial Services - Associate, Forensic Data Analytics - Lo...",EY,https://uk.indeed.com/rc/clk?jk=8e55eb13e6b93b2d&fccid=1544766d4c2915b0&vjs=3
Senior Data Scientist,The Planning Shop,https://uk.indeed.com/rc/clk?jk=8bee3f645a56d7b6&fccid=792708b347319c7d&vjs=3
Data Scientist,Hokodo,https://uk.indeed.com/rc/clk?jk=96d043c3842bc41b&fccid=1fd57c14894bfd44&vjs=3
Senior Applied AI Research Scientist - Representation Learni...,Babylon,https://uk.indeed.com/rc/clk?jk=adfa358f4213ee03&fccid=1330a6fe4b048913&vjs=3
Machine Learning Ops Engineer,Syngenta,https://uk.indeed.com/rc/clk?jk=c2ceebe341f83f71&fccid=212d266bb52619f8&vjs=3
Data Scientist,Heat Recruitment,https://uk.indeed.com/rc/clk?jk=4128829d82e3fba6&fccid=9d96e96c04ab56f9&vjs=3
Data Scientist - Technical Lead,Kaluza,https://uk.indeed.com/rc/clk?jk=62ea1c33fa5344d7&fccid=a66614257969d5da&vjs=3
Applied Machine Learning Engineer,Genomics England,https://uk.indeed.com/rc/clk?jk=1bd6d838a8030c7e&fccid=2c9f16151cc689de&vjs=3
Geospatial Data Scientist,Hastings Direct,https://uk.indeed.com/rc/clk?jk=0c403524c40a16de&fccid=aad03946f64a0ca3&vjs=3
Systems Engineer - Data Science,Verizon,https://uk.indeed.com/rc/clk?jk=9cdfac6c9781281e&fccid=f7029f63fe5c906e&vjs=3
Manager - Data & Analytics,KPMG,https://uk.indeed.com/rc/clk?jk=c7715e8356bcba42&fccid=2dd390c3a48a7ed0&vjs=3
Lecturer in Geographic Data Science,University of Liverpool,https://uk.indeed.com/rc/clk?jk=17b8296b45116c16&fccid=7fc0e8ffb1cc9590&vjs=3
Senior Data Scientist,"Pixalate, Inc.",https://uk.indeed.com/rc/clk?jk=1873c5849b8e4366&fccid=86d4b5da3ae0fbfe&vjs=3
Research Fellow in Statistics/Data Science,London School of Hygiene & Tropical Medicine,https://uk.indeed.com/rc/clk?jk=39777bb4fd918337&fccid=ed35a2bd1c169b42&vjs=3
Senior Data Scientist,Secret Escapes,https://uk.indeed.com/company/Secret-Escapes/jobs/Senior-Data-Scientist-241fdd972baf485d?fccid=54107364ca6a1c08&vjs=3
Data Scientist,CooperVision,https://uk.indeed.com/rc/clk?jk=8674e806bc870070&fccid=1a7983518cdfa50d&vjs=3
Research Data Scientist,Metrica Recruitment,https://uk.indeed.com/pagead/clk?mo=r&ad=-6NYlbfkN0B4I0z8Vg4C22bXJk453pUE2nnLCUOyY_R-ihB16RDW65dAXO9w17QY8SOm2HP94Hrd7kSxCxLgF_3MMrAIzhIla9alAsmHQDctFaxCaYASBVmfNYZr1yC4eliA4b08xy9C9wFLhQdFGAgj5I9Bh3r_Fthb-yFcA4vjpnfbie_8pVf784lOPjqFqhK8tCEOnON-ONX4dp8HyB1AnjjjjgrEruD1QhZ8x1BX3H5JylxSYHZccGSlGd8wJsHnZyUw2oiVmreTydMvWZobeKo38KFGmyMrInLHCbhrjihldp3Q614kppwhM-OqlVuVntw1IGikqHwgYMOP_QmRf7lY5EWBKiOLCbbOpfSD8nzP0ZGtBX8nj0OJmOqR74BHrVY5vTkV5PIDY6FfMagfFTb26czxJB73wTIlRMae-0TYOV6aMaLkpv_gQLA8tnuu1g6-O6F7fwcEekhJ9LNm04ULh13RzURHpzLrEa9mp2CAR3I5oTNLxOSa-jhJOd4RjNqzIa_3zx82hwdn9V5-IY6UrVJyBiGi63ywIJpEnNG_NPx_FgxkUs5HQAc-zbGeRJsSj5jdPCMlP7medVNpcnYkUUbn0_mxUnCUcDi7-ghy-iaX94OCr-XZBq90s_rmE3z3ZlBJvMj4FmEzYpcbv8Csb_ijg8jwsxxJEQpI86miYo8Hr99CspO8ja6dVdbKGQBkFRc=&p=8&fvj=0&vjs=3
Associate Professor in Cybersecurity OR Data Science,Nottingham Trent University,https://uk.indeed.com/rc/clk?jk=1b8336ef80702a9c&fccid=bfcb15b98347c190&vjs=3
Natural Language Processing Data Scientist,QinetiQ,https://uk.indeed.com/rc/clk?jk=1f2739ac545d24af&fccid=a7c92d37815397cf&vjs=3
Data Science Consultant - Artificial Intelligence Advisory,PwC,https://uk.indeed.com/rc/clk?jk=52dae2aa4cf8c25e&fccid=5e964c4afc56b180&vjs=3
Data Science Intern,UserTesting,https://uk.indeed.com/rc/clk?jk=8bd0384550772283&fccid=b3d7e23ba33dc4c3&vjs=3
Data Scientist,Qogita,https://uk.indeed.com/rc/clk?jk=190e905c4d93d5a0&fccid=5b2230d812e38972&vjs=3
Senior Investigative Data Scientist,Amnesty International,https://uk.indeed.com/rc/clk?jk=17af314a7cace987&fccid=05747da28bad0d78&vjs=3
Machine Learning Engineer,Paymentology,https://uk.indeed.com/rc/clk?jk=66212cda27a2b29b&fccid=1fbf782e15daf129&vjs=3
Data Scientist,Checkout.com,https://uk.indeed.com/rc/clk?jk=fda503f83dd4a9c5&fccid=a14326eb59ec50db&vjs=3
Data Scientist/ Analyst,Barclays,https://uk.indeed.com/rc/clk?jk=bd633a96737f17ee&fccid=057abf3fd357e717&vjs=3
Data Scientist,Natter ai,https://uk.indeed.com/rc/clk?jk=48c8eb992a2d923f&fccid=a7a9cb92608e86de&vjs=3
Data Scientist,CAPCO,https://uk.indeed.com/rc/clk?jk=4b1b3ed81be18816&fccid=c2a63affe8751868&vjs=3
Research Data Scientist,Metrica Recruitment,https://uk.indeed.com/pagead/clk?mo=r&ad=-6NYlbfkN0B4I0z8Vg4C22bXJk453pUE2nnLCUOyY_R-ihB16RDW65dAXO9w17QY8SOm2HP94Hrd7kSxCxLgF_3MMrAIzhIla9alAsmHQDctFaxCaYASBVmfNYZr1yC4eliA4b08xy9C9wFLhQdFGAgj5I9Bh3r_Fthb-yFcA4ugAdr8bIYx8iQ7Pbxb6Zr-mqXXI34IC7E9sLKqdcYRf8A47fqloA8qWa4-absO9EytmdhCgwnhPCrH9cKP3129mo--q353_8xmE5c4CNiXtvT0RIHFICwUGl5rPir6A-hFosFTMy4awpT4e1YLchS2Q7r5IeIHqvrJyanvvN4rxaxHQqXQwbI3li2hAGoqgU3FT0DBGl1uC9LaA-Pg5u8ST00GApZKueppi7UpVtFNW6rqvnwLB_uwYmKoB0m2IFpZprZwOilHe4LUN3bZ7TbpMqQqKYGjoOXF_ACAi3PJTxJNJx7i41X8gezMuae4H-8syHekrQie9kjWLI3VYVaYYcz9iqI8cYOGGkBnW5O7gCvPmR0B0W0Op2H-27j9wWTmLK1HAb1_mbsLmze99RicC91QRDfNm5UL994SPM_YiCZYO7JdyjHcx8r1V3EjwkBVEUTZW4Uv515F7yB-aTGS3ll68JBDJki2Qz00kYQc6e6Wni9OKxXONr4Bsp00Kr2xrjoxjGYxm2lVCWneOeEBqawDe5973sY=&p=5&fvj=0&vjs=3
Data Scientist,Revoco Limited,https://uk.indeed.com/company/Revoco-Limited/jobs/Data-Scientist-a173aa0989428ba1?fccid=2e5a8a3b24fd9e7b&vjs=3
"Senior Data Scientist - Strategic Analytics, Cross Border",Visa,https://uk.indeed.com/rc/clk?jk=a64f238fc96048e7&fccid=a3f737e511d9fc8c&vjs=3
Data Science for EX - Senior Associate,PwC,https://uk.indeed.com/rc/clk?jk=3bdae5c6bc2c8419&fccid=5e964c4afc56b180&vjs=3
Data Scientist,The Five Lamps Organisation,https://uk.indeed.com/company/The-Five-Lamps-Organisation/jobs/Data-Scientist-87cb6e313552990d?fccid=cdd97ce56e11261b&vjs=3
"Data Scientist, Legal",Facebook App,https://uk.indeed.com/rc/clk?jk=265e83bf9248d5a0&fccid=ba07516c418dda52&vjs=3
Data Science - Applied Causal R&D Lab,causaLens,https://uk.indeed.com/rc/clk?jk=848e78151ace029b&fccid=8cd7a49755337607&vjs=3
Research Assistant in Natural Language Processing for Conver...,University of Leeds,https://uk.indeed.com/company/University-of-Leeds/jobs/Research-Assistant-Natural-Language-Processing-Conversational-Ai-0fe5ba326a15a5c9?fccid=1b4313df5267ab89&vjs=3
Lead Data Scientist - Marketing,causaLens,https://uk.indeed.com/rc/clk?jk=968d90c937d40c4e&fccid=8cd7a49755337607&vjs=3
Data Science Graduate Career Accelerator,Bluetownonline Ltd,https://uk.indeed.com/company/Bluetownonline-Ltd.-Office/jobs/Data-Science-Graduate-Career-Accelerator-d259062f035820b3?fccid=ee422a4bf06af856&vjs=3
Data Scientist – Aerospace and Defence,Gentrian,https://uk.indeed.com/rc/clk?jk=77191908358191ce&fccid=d40336e39c2e5ed2&vjs=3
Principle Data Scientist,MediaCom,https://uk.indeed.com/rc/clk?jk=5452c6d18f4fa6d9&fccid=b3521fdedc6d788b&vjs=3
Senior Bioinformatician Data Scientist,Nucleome Therapeutics Ltd.,https://uk.indeed.com/company/Nucleome-Therapeutics-Ltd./jobs/Senior-Bioinformatician-Data-Scientist-62fb853f194671e3?fccid=b963b5bf0fedae30&vjs=3
"Data Scientist, B2B Marketing",Deliveroo,https://uk.indeed.com/rc/clk?jk=b01c6365c0794b6d&fccid=1d79a4290fb70d8e&vjs=3
Junior NLP Data Scientist (Remote),DigitalGenius,https://uk.indeed.com/rc/clk?jk=ad1a7832c11d9a0d&fccid=a7740ef5f1eebcc6&vjs=3
Biostatistician 1: 2022 Graduates,IQVIA,https://uk.indeed.com/rc/clk?jk=e6ea8386a27d7b06&fccid=6b7a1dfe07e7f037&vjs=3
"Manager, Data Science and Machine Learning, Defence and Secu...",Deloitte,https://uk.indeed.com/rc/clk?jk=9a10757e257b6d66&fccid=9e215d88a6b33622&vjs=3
Research Data Scientist,Metrica Recruitment,https://uk.indeed.com/pagead/clk?mo=r&ad=-6NYlbfkN0B4I0z8Vg4C22bXJk453pUE2nnLCUOyY_R-ihB16RDW65dAXO9w17QY8SOm2HP94Hrd7kSxCxLgF_3MMrAIzhIla9alAsmHQDctFaxCaYASBVmfNYZr1yC4eliA4b08xy9C9wFLhQdFGAgj5I9Bh3r_Fthb-yFcA4ub_I7jobwFCZs_M4jjiSjF1yrf0ed88fBC9GzbfYWNBK47CfRbhwFYtwi0WAR1f27ZN2kzLl4f6aPBJpyTw_Mf-aJVOJ2SilkoeRSWLzf_2L3bk22-Lm732OVNZY4rTeHZsQ3OzFL5O6RejmBGDK-Ck8a2g46ui-kaC3ifbCMYFhOvr048cMBWt-PKwvzeRXjMKW1PQhlU3ye7tusZBs86ik9k7_MlG5_QX1Nsu4vy-_V-jIRmhLTvE3AfKT4Lw6lWzOldwrFnQHYwkX63Ys08JWVRKjj8U6vKdTrW53QuUHqNSJmZwHvPQ8b3VFsEv7kGRuVGYIPSW0bbvQEW1dm41j_HuEmPnS1UwkUF2PV6j4QZzMQEKWizV8cLub--gGE9Yp7dfd3StxUwcW_vKGCr5qQ5JGZrN2gocQPy18-KhKz2goqtBgvbCF7Cs1Qr-fn_SCsJgESgVFvpThVpq_avyLexh821FPNcda9LrXpAnbdyd9VuTfVh1O-8ZQ18JKt-pJZUNsARB1EAiQRfET4cXGm0FYHqvbQ=&p=7&fvj=0&vjs=3
Data Scientist,Ladder.io,https://uk.indeed.com/company/Ladder.io/jobs/Data-Scientist-f4bfe6d002ec5969?fccid=95b37875c7dafefc&vjs=3
"Technical Lead, Machine Learning, Health Artificial Intellig...",Google,https://uk.indeed.com/rc/clk?jk=af6961eab1fe7164&fccid=a5b4499d9e91a5c6&vjs=3
"Data Science Research & Development (R&D) Apprenticeship, St...",GSK,https://uk.indeed.com/rc/clk?jk=95fc5a4fa7fcdfc7&fccid=4e42ec53f4b93e02&vjs=3
Head of Data Science,Ovo Energy Limited,https://uk.indeed.com/rc/clk?jk=65973e1e088f9e4e&fccid=f23134d18c3d097f&vjs=3
"Applied Scientist, Ring",Evi Technologies Limited,https://uk.indeed.com/rc/clk?jk=a8c933d27d5728d2&fccid=fe2d21eef233e94a&vjs=3
Data Scientist,Consortia,https://uk.indeed.com/rc/clk?jk=8928ceae5ca7d126&fccid=04f36097f3ddf22e&vjs=3
Senior Data Scientist,Intercom,https://uk.indeed.com/rc/clk?jk=f7b89f2953c884ab&fccid=6f9ac7cf38e2c8c0&vjs=3
Data Scientist,SWL Group International Ltd,https://uk.indeed.com/company/SWL-Group-International-Ltd/jobs/Data-Scientist-d0cef20b803f0a29?fccid=83c93ad7c852810c&vjs=3
Data Scientist,Landmark Information Group,https://uk.indeed.com/rc/clk?jk=16e6e4fd96540c95&fccid=a3bc9934be1f23b9&vjs=3
Software Engineering - Data Science Projects,"JPMorgan Chase Bank, N.A.",https://uk.indeed.com/rc/clk?jk=d880207129b8085a&fccid=aaf3b433897ea465&vjs=3
"Machine Learning Engineer, Recommendation - TikTok",TikTok,https://uk.indeed.com/rc/clk?jk=72845e843b8e1c95&fccid=caed318a9335aac0&vjs=3
Statistical Programmer / Real-World Data Scientist – Norther...,IQVIA,https://uk.indeed.com/rc/clk?jk=a16f166cddd75f87&fccid=6b7a1dfe07e7f037&vjs=3
Data Scientist (Mid/Senior),Pave,https://uk.indeed.com/company/PAVE/jobs/Data-Scientist-8b49d70d489c13ee?fccid=d6fd2ca0928f3b57&vjs=3
Machine Learning Scientist II,Tripadvisor,https://uk.indeed.com/rc/clk?jk=446afc2f9ac9618c&fccid=28d541df71b2f171&vjs=3
Research Data Scientist,Metrica Recruitment,https://uk.indeed.com/pagead/clk?mo=r&ad=-6NYlbfkN0B4I0z8Vg4C22bXJk453pUE2nnLCUOyY_R-ihB16RDW65dAXO9w17QY8SOm2HP94Hrd7kSxCxLgF_3MMrAIzhIla9alAsmHQDctFaxCaYASBVmfNYZr1yC4eliA4b08xy9C9wFLhQdFGAgj5I9Bh3r_Fthb-yFcA4voTkgtri28bmZTelYzCHEsv8Wnpueg-gkwoBeR3pDLTO0C2eXoPXd3WiZ9mu8DnLAVAVD9OvuowYG1cSOc4K5wWy3-k64-EgAxG_Cs14TZO16tx3Pqc7EZN3yHJFvShQPcgbmrJQUUvBbmxNHiIdT0t8iMnZGe-FvkxaQROr7xV3bl9BJvFlksRBgJHehaTdHwHijipMuWlodlK_Zx8TqcPk6jZdqF-olbzVuHdhDRbI9Hrh1K3wjzcPiVSVQHLiVVWSxYh6wj-pNo6_xhSCLRclb9SLPJgdu1Of1F-pCjhix7M3Exwdp0MjHUc4QP5DN5bESyuMPak0dW7DzihU-QEgWDahwXhCgHAnFNWGSLPzuMJDfPU7ShFdOYuN94QorZ309s3pFIRUYBIn5vTrPJ79hyFWxLDMHjNH-0x6_3aT7IkxZJLGIS23VOm9SD4w_orlVhmQOr58xnjgoUOK6QkCQgQEMLH0dr8Di9pQu62aU9zekqJZnwvaASdlbKru6Tm8iuh_6p2xn7EeqBl1BGHoLZWFCfBYs=&p=7&fvj=0&vjs=3
Senior / Lead Data Scientist,BeZero Carbon,https://uk.indeed.com/company/BeZero-Carbon/jobs/Senior-45072bf1c393e2e3?fccid=a43a30abf30f68b9&vjs=3
Data Scientist,360 Recruitment Consultancy Ltd,https://uk.indeed.com/company/360-recruitment-Consultancy-Ltd/jobs/Data-Scientist-697713ea7941ea49?fccid=4300726fa88e97af&vjs=3
Data Scientist,Datatech Analytics,https://uk.indeed.com/rc/clk?jk=9cb587a7bc7d1f11&fccid=cbf7c87b1ccf4a6c&vjs=3
Operational Researcher/ Data Scientist,Air Products,https://uk.indeed.com/rc/clk?jk=dfa29bbeaaf53af9&fccid=e30562474c83900b&vjs=3
"Data Scientist - Python, Wholesale Banking Advanced Analytic...",Michael Page UK,https://uk.indeed.com/rc/clk?jk=1ed75b21a981b6a0&fccid=77087bd1709a8148&vjs=3
Data Scientist,IDPP,https://uk.indeed.com/rc/clk?jk=8a0162d13f01e2a4&fccid=9a91c63814afd667&vjs=3
Data Scientist - Manager - Birmingham,EY,https://uk.indeed.com/rc/clk?jk=705c967fa7b8b827&fccid=1544766d4c2915b0&vjs=3
Head of Data Science,Xaxis,https://uk.indeed.com/rc/clk?jk=be52e8eec2d284d6&fccid=3d73f189e746988f&vjs=3
Machine Learning Engineer,Paymentology,https://uk.indeed.com/rc/clk?jk=66212cda27a2b29b&fccid=1fbf782e15daf129&vjs=3
"Internal Audit, Data Analytics Analyst",BlackRock,https://uk.indeed.com/rc/clk?jk=167ff800fa046c6f&fccid=58c732f14833248a&vjs=3
Data Scientist – Optimisation,Trakm8,https://uk.indeed.com/rc/clk?jk=59a739679f183dbb&fccid=1c3e27076211d015&vjs=3
"Data Scientist, Forensics and Counter Fraud - London",Crowe,https://uk.indeed.com/rc/clk?jk=3828b425eec158a1&fccid=994b5c764776123e&vjs=3
"Senior Consultant, Data and Analytics, Financial Services, L...",EY,https://uk.indeed.com/rc/clk?jk=0aac3eb32409cc3a&fccid=1544766d4c2915b0&vjs=3
Senior Data Scientist,Intercom,https://uk.indeed.com/rc/clk?jk=f7b89f2953c884ab&fccid=6f9ac7cf38e2c8c0&vjs=3
Data Scientist — Treasury Risk and Exposure,Wise,https://uk.indeed.com/rc/clk?jk=60d0987cd25a064b&fccid=0b3564a667f52b8b&vjs=3
Machine Learning Ops Engineer,Syngenta,https://uk.indeed.com/rc/clk?jk=c2ceebe341f83f71&fccid=212d266bb52619f8&vjs=3
Head of Data Science,The Economist Newspaper Limited,https://uk.indeed.com/rc/clk?jk=9f6d32c77368d4ef&fccid=4a94602ea99c5f66&vjs=3
Data Scientist - Managed Rules,Cloudflare,https://uk.indeed.com/rc/clk?jk=167795b420ad5b8c&fccid=c57da989524f65e7&vjs=3
AI-Quant - Junior,Crypton Partner Management,https://uk.indeed.com/rc/clk?jk=112a7301e6c40ec5&fccid=6d109f32b8b3a3ba&vjs=3
Data Scientist,MBN Recruitment Solutions,https://uk.indeed.com/rc/clk?jk=60dd83343abf6296&fccid=155a925362ca9638&vjs=3
Data Scientist,CooperVision,https://uk.indeed.com/rc/clk?jk=8674e806bc870070&fccid=1a7983518cdfa50d&vjs=3
Junior Data Scientist,Elements Talent Consultancy,https://uk.indeed.com/rc/clk?jk=573e47d0e23aa851&fccid=600b4f0aae12e0ff&vjs=3
